date,chain,alpha,bound_reduction_%,mu_reduction_%
2025-09-05,avalanche,0.2,100.0,27.52
2025-09-05,celestia,0.2,69.58,23.67
2025-09-05,cosmoshub,0.2,94.88,28.14
2025-09-05,injective,0.2,45.95,21.86
2025-09-05,near,0.2,99.63,27.66
2025-09-05,osmosis,0.2,71.19,21.8
2025-09-05,sei,0.2,26.09,17.43
2025-09-05,solana,0.2,100.0,28.56
2025-09-05,sui,0.2,72.7,17.96
2025-09-05,tezos,0.2,99.0,29.06
2025-09-05,avalanche,0.25,100.0,27.44
2025-09-05,celestia,0.25,55.59,23.39
2025-09-05,cosmoshub,0.25,85.76,27.88
2025-09-05,injective,0.25,28.28,21.32
2025-09-05,near,0.25,95.24,27.47
2025-09-05,osmosis,0.25,50.84,21.1
2025-09-05,sei,0.25,14.62,17.03
2025-09-05,solana,0.25,100.0,28.41
2025-09-05,sui,0.25,53.19,17.34
2025-09-05,tezos,0.25,91.04,28.89
2025-09-05,avalanche,0.3,99.87,27.32
2025-09-05,celestia,0.3,29.71,22.61
2025-09-05,cosmoshub,0.3,69.04,27.66
2025-09-05,injective,0.3,15.02,20.61
2025-09-05,near,0.3,88.94,27.36
2025-09-05,osmosis,0.3,28.87,20.53
2025-09-05,sei,0.3,4.95,16.68
2025-09-05,solana,0.3,99.95,28.18
2025-09-05,sui,0.3,31.84,16.83
2025-09-05,tezos,0.3,64.9,28.74
2025-09-05,avalanche,0.33,98.65,27.25
2025-09-05,celestia,0.33,17.96,22.22
2025-09-05,cosmoshub,0.33,46.17,27.45
2025-09-05,injective,0.33,4.68,19.99
2025-09-05,near,0.33,62.31,27.14
2025-09-05,osmosis,0.33,17.69,20.27
2025-09-05,sei,0.33,4.95,16.68
2025-09-05,solana,0.33,98.69,28.01
2025-09-05,sui,0.33,16.89,16.54
2025-09-05,tezos,0.33,64.9,28.74
2025-09-06,avalanche,0.2,100.0,27.53
2025-09-06,celestia,0.2,69.58,23.67
2025-09-06,cosmoshub,0.2,94.88,28.14
2025-09-06,injective,0.2,46.19,21.82
2025-09-06,near,0.2,99.66,27.64
2025-09-06,osmosis,0.2,71.93,21.68
2025-09-06,sei,0.2,26.08,17.43
2025-09-06,solana,0.2,100.0,28.56
2025-09-06,sui,0.2,72.65,17.98
2025-09-06,tezos,0.2,98.99,29.06
2025-09-06,avalanche,0.25,100.0,27.43
2025-09-06,celestia,0.25,55.58,23.39
2025-09-06,cosmoshub,0.25,85.74,27.88
2025-09-06,injective,0.25,28.52,21.29
2025-09-06,near,0.25,95.56,27.45
2025-09-06,osmosis,0.25,52.05,20.97
2025-09-06,sei,0.25,14.61,17.03
2025-09-06,solana,0.25,100.0,28.41
2025-09-06,sui,0.25,53.11,17.35
2025-09-06,tezos,0.25,91.01,28.89
2025-09-06,avalanche,0.3,99.89,27.31
2025-09-06,celestia,0.3,29.7,22.61
2025-09-06,cosmoshub,0.3,68.99,27.66
2025-09-06,injective,0.3,15.25,20.58
2025-09-06,near,0.3,89.65,27.34
2025-09-06,osmosis,0.3,30.63,20.4
2025-09-06,sei,0.3,4.94,16.69
2025-09-06,solana,0.3,99.95,28.18
2025-09-06,sui,0.3,31.77,16.84
2025-09-06,tezos,0.3,64.7,28.74
2025-09-06,avalanche,0.33,98.77,27.24
2025-09-06,celestia,0.33,17.95,22.22
2025-09-06,cosmoshub,0.33,46.11,27.45
2025-09-06,injective,0.33,4.82,19.97
2025-09-06,near,0.33,64.27,27.12
2025-09-06,osmosis,0.33,19.65,20.13
2025-09-06,sei,0.33,4.94,16.69
2025-09-06,solana,0.33,98.69,28.01
2025-09-06,sui,0.33,16.85,16.55
2025-09-06,tezos,0.33,64.7,28.74
2025-09-07,avalanche,0.2,100.0,27.52
2025-09-07,celestia,0.2,69.58,23.67
2025-09-07,cosmoshub,0.2,94.87,28.14
2025-09-07,injective,0.2,46.18,21.82
2025-09-07,near,0.2,99.66,27.64
2025-09-07,osmosis,0.2,71.96,21.67
2025-09-07,sei,0.2,26.08,17.43
2025-09-07,solana,0.2,100.0,28.54
2025-09-07,sui,0.2,72.63,17.98
2025-09-07,tezos,0.2,99.0,29.06
2025-09-07,avalanche,0.25,100.0,27.41
2025-09-07,celestia,0.25,55.59,23.39
2025-09-07,cosmoshub,0.25,85.67,27.88
2025-09-07,injective,0.25,28.5,21.3
2025-09-07,near,0.25,95.61,27.45
2025-09-07,osmosis,0.25,52.08,20.97
2025-09-07,sei,0.25,14.61,17.03
2025-09-07,solana,0.25,100.0,28.39
2025-09-07,sui,0.25,53.08,17.36
2025-09-07,tezos,0.25,91.05,28.89
2025-09-07,avalanche,0.3,99.89,27.29
2025-09-07,celestia,0.3,29.72,22.61
2025-09-07,cosmoshub,0.3,68.86,27.66
2025-09-07,injective,0.3,15.23,20.59
2025-09-07,near,0.3,89.76,27.34
2025-09-07,osmosis,0.3,30.67,20.39
2025-09-07,sei,0.3,4.94,16.69
2025-09-07,solana,0.3,99.94,28.16
2025-09-07,sui,0.3,31.74,16.84
2025-09-07,tezos,0.3,64.72,28.75
2025-09-07,avalanche,0.33,97.64,27.19
2025-09-07,celestia,0.33,17.97,22.22
2025-09-07,cosmoshub,0.33,45.95,27.45
2025-09-07,injective,0.33,4.81,19.97
2025-09-07,near,0.33,64.61,27.11
2025-09-07,osmosis,0.33,19.69,20.13
2025-09-07,sei,0.33,4.94,16.69
2025-09-07,solana,0.33,99.26,28.03
2025-09-07,sui,0.33,16.81,16.55
2025-09-07,tezos,0.33,64.72,28.75
2025-09-08,avalanche,0.2,100.0,27.64
2025-09-08,celestia,0.2,69.59,23.67
2025-09-08,cosmoshub,0.2,94.85,28.14
2025-09-08,injective,0.2,46.19,21.82
2025-09-08,near,0.2,99.66,27.64
2025-09-08,osmosis,0.2,71.85,21.69
2025-09-08,sei,0.2,25.93,17.49
2025-09-08,solana,0.2,100.0,28.54
2025-09-08,sui,0.2,72.61,17.99
2025-09-08,tezos,0.2,98.98,29.07
2025-09-08,avalanche,0.25,100.0,27.54
2025-09-08,celestia,0.25,55.59,23.39
2025-09-08,cosmoshub,0.25,85.61,27.88
2025-09-08,injective,0.25,28.51,21.29
2025-09-08,near,0.25,95.6,27.45
2025-09-08,osmosis,0.25,51.92,20.99
2025-09-08,sei,0.25,14.42,17.09
2025-09-08,solana,0.25,100.0,28.39
2025-09-08,sui,0.25,53.06,17.36
2025-09-08,tezos,0.25,90.96,28.89
2025-09-08,avalanche,0.3,99.83,27.42
2025-09-08,celestia,0.3,29.72,22.61
2025-09-08,cosmoshub,0.3,68.77,27.66
2025-09-08,injective,0.3,15.24,20.58
2025-09-08,near,0.3,89.74,27.34
2025-09-08,osmosis,0.3,30.43,20.41
2025-09-08,sei,0.3,4.73,16.74
2025-09-08,solana,0.3,99.95,28.16
2025-09-08,sui,0.3,31.7,16.85
2025-09-08,tezos,0.3,64.48,28.75
2025-09-08,avalanche,0.33,98.02,27.35
2025-09-08,celestia,0.33,17.97,22.22
2025-09-08,cosmoshub,0.33,45.86,27.45
2025-09-08,injective,0.33,4.82,19.97
2025-09-08,near,0.33,64.55,27.11
2025-09-08,osmosis,0.33,19.4,20.15
2025-09-08,sei,0.33,4.73,16.74
2025-09-08,solana,0.33,99.28,28.03
2025-09-08,sui,0.33,16.77,16.55
2025-09-08,tezos,0.33,64.48,28.75
2025-09-09,avalanche,0.2,100.0,27.55
2025-09-09,celestia,0.2,69.58,23.67
2025-09-09,cosmoshub,0.2,94.74,28.15
2025-09-09,injective,0.2,46.03,21.84
2025-09-09,near,0.2,99.66,27.64
2025-09-09,osmosis,0.2,71.68,21.72
2025-09-09,sei,0.2,25.92,17.49
2025-09-09,solana,0.2,100.0,28.52
2025-09-09,sui,0.2,72.61,17.99
2025-09-09,tezos,0.2,99.04,29.07
2025-09-09,avalanche,0.25,100.0,27.41
2025-09-09,celestia,0.25,55.6,23.39
2025-09-09,cosmoshub,0.25,85.27,27.89
2025-09-09,injective,0.25,28.31,21.32
2025-09-09,near,0.25,95.59,27.45
2025-09-09,osmosis,0.25,51.63,21.02
2025-09-09,sei,0.25,14.4,17.1
2025-09-09,solana,0.25,100.0,28.31
2025-09-09,sui,0.25,53.06,17.36
2025-09-09,tezos,0.25,91.28,28.9
2025-09-09,avalanche,0.3,99.87,27.28
2025-09-09,celestia,0.3,29.74,22.61
2025-09-09,cosmoshub,0.3,68.06,27.67
2025-09-09,injective,0.3,15.01,20.61
2025-09-09,near,0.3,89.72,27.34
2025-09-09,osmosis,0.3,29.96,20.45
2025-09-09,sei,0.3,4.69,16.76
2025-09-09,solana,0.3,99.94,28.13
2025-09-09,sui,0.3,31.7,16.85
2025-09-09,tezos,0.3,65.15,28.75
2025-09-09,avalanche,0.33,98.68,27.21
2025-09-09,celestia,0.33,17.98,22.22
2025-09-09,cosmoshub,0.33,44.92,27.46
2025-09-09,injective,0.33,4.65,20.0
2025-09-09,near,0.33,64.54,27.11
2025-09-09,osmosis,0.33,18.87,20.19
2025-09-09,sei,0.33,4.69,16.76
2025-09-09,solana,0.33,98.49,27.96
2025-09-09,sui,0.33,16.77,16.55
2025-09-09,tezos,0.33,65.15,28.75
2025-09-10,avalanche,0.2,100.0,27.53
2025-09-10,celestia,0.2,69.48,23.68
2025-09-10,cosmoshub,0.2,94.69,28.15
2025-09-10,injective,0.2,46.03,21.84
2025-09-10,near,0.2,99.65,27.64
2025-09-10,osmosis,0.2,71.67,21.72
2025-09-10,sei,0.2,25.9,17.5
2025-09-10,solana,0.2,100.0,28.52
2025-09-10,sui,0.2,72.61,17.99
2025-09-10,tezos,0.2,98.81,29.03
2025-09-10,avalanche,0.25,100.0,27.38
2025-09-10,celestia,0.25,55.45,23.4
2025-09-10,cosmoshub,0.25,85.17,27.89
2025-09-10,injective,0.25,28.32,21.32
2025-09-10,near,0.25,95.55,27.45
2025-09-10,osmosis,0.25,51.6,21.02
2025-09-10,sei,0.25,14.39,17.1
2025-09-10,solana,0.25,100.0,28.31
2025-09-10,sui,0.25,53.06,17.36
2025-09-10,tezos,0.25,90.18,28.85
2025-09-10,avalanche,0.3,99.86,27.25
2025-09-10,celestia,0.3,29.95,22.6
2025-09-10,cosmoshub,0.3,67.88,27.67
2025-09-10,injective,0.3,15.03,20.61
2025-09-10,near,0.3,89.64,27.34
2025-09-10,osmosis,0.3,29.91,20.45
2025-09-10,sei,0.3,4.68,16.76
2025-09-10,solana,0.3,99.94,28.13
2025-09-10,sui,0.3,31.67,16.85
2025-09-10,tezos,0.3,63.22,28.7
2025-09-10,avalanche,0.33,98.55,27.18
2025-09-10,celestia,0.33,18.16,22.21
2025-09-10,cosmoshub,0.33,44.74,27.47
2025-09-10,injective,0.33,4.64,20.0
2025-09-10,near,0.33,64.3,27.12
2025-09-10,osmosis,0.33,18.81,20.19
2025-09-10,sei,0.33,4.68,16.76
2025-09-10,solana,0.33,99.24,28.0
2025-09-10,sui,0.33,16.68,16.56
2025-09-10,tezos,0.33,63.22,28.7
2025-09-11,avalanche,0.2,100.0,27.51
2025-09-11,celestia,0.2,69.48,23.68
2025-09-11,cosmoshub,0.2,94.71,28.15
2025-09-11,injective,0.2,46.04,21.84
2025-09-11,near,0.2,99.66,27.64
2025-09-11,osmosis,0.2,71.64,21.72
2025-09-11,sei,0.2,25.85,17.52
2025-09-11,solana,0.2,100.0,28.51
2025-09-11,sui,0.2,72.65,17.98
2025-09-11,tezos,0.2,98.74,29.02
2025-09-11,avalanche,0.25,100.0,27.36
2025-09-11,celestia,0.25,55.46,23.4
2025-09-11,cosmoshub,0.25,85.23,27.89
2025-09-11,injective,0.25,28.32,21.32
2025-09-11,near,0.25,95.6,27.45
2025-09-11,osmosis,0.25,51.58,21.02
2025-09-11,sei,0.25,14.32,17.12
2025-09-11,solana,0.25,100.0,28.31
2025-09-11,sui,0.25,53.08,17.36
2025-09-11,tezos,0.25,89.84,28.84
2025-09-11,avalanche,0.3,99.85,27.22
2025-09-11,celestia,0.3,29.97,22.6
2025-09-11,cosmoshub,0.3,68.03,27.67
2025-09-11,injective,0.3,15.02,20.61
2025-09-11,near,0.3,89.74,27.34
2025-09-11,osmosis,0.3,29.87,20.46
2025-09-11,sei,0.3,4.61,16.78
2025-09-11,solana,0.3,99.95,28.12
2025-09-11,sui,0.3,31.7,16.85
2025-09-11,tezos,0.3,62.5,28.69
2025-09-11,avalanche,0.33,98.51,27.15
2025-09-11,celestia,0.33,18.17,22.21
2025-09-11,cosmoshub,0.33,44.94,27.46
2025-09-11,injective,0.33,4.64,20.0
2025-09-11,near,0.33,64.69,27.11
2025-09-11,osmosis,0.33,18.77,20.2
2025-09-11,sei,0.33,4.61,16.78
2025-09-11,solana,0.33,98.68,27.95
2025-09-11,sui,0.33,16.72,16.56
2025-09-11,tezos,0.33,62.5,28.69
2025-09-12,avalanche,0.2,100.0,27.51
2025-09-12,celestia,0.2,69.42,23.69
2025-09-12,cosmoshub,0.2,94.81,28.15
2025-09-12,injective,0.2,46.17,21.82
2025-09-12,near,0.2,99.66,27.64
2025-09-12,osmosis,0.2,71.65,21.72
2025-09-12,sei,0.2,25.86,17.52
2025-09-12,solana,0.2,100.0,28.51
2025-09-12,sui,0.2,72.89,18.08
2025-09-12,tezos,0.2,98.74,29.01
2025-09-12,avalanche,0.25,100.0,27.36
2025-09-12,celestia,0.25,55.4,23.4
2025-09-12,cosmoshub,0.25,85.43,27.89
2025-09-12,injective,0.25,28.49,21.3
2025-09-12,near,0.25,95.63,27.44
2025-09-12,osmosis,0.25,51.62,21.02
2025-09-12,sei,0.25,14.33,17.12
2025-09-12,solana,0.25,100.0,28.3
2025-09-12,sui,0.25,53.38,17.46
2025-09-12,tezos,0.25,89.85,28.83
2025-09-12,avalanche,0.3,99.78,27.22
2025-09-12,celestia,0.3,29.88,22.61
2025-09-12,cosmoshub,0.3,68.39,27.67
2025-09-12,injective,0.3,15.22,20.59
2025-09-12,near,0.3,89.8,27.34
2025-09-12,osmosis,0.3,29.93,20.45
2025-09-12,sei,0.3,4.61,16.78
2025-09-12,solana,0.3,99.95,28.12
2025-09-12,sui,0.3,32.01,16.95
2025-09-12,tezos,0.3,62.54,28.68
2025-09-12,avalanche,0.33,97.91,27.15
2025-09-12,celestia,0.33,18.08,22.22
2025-09-12,cosmoshub,0.33,45.38,27.46
2025-09-12,injective,0.33,4.79,19.97
2025-09-12,near,0.33,64.82,27.11
2025-09-12,osmosis,0.33,18.84,20.19
2025-09-12,sei,0.33,4.61,16.78
2025-09-12,solana,0.33,98.67,27.95
2025-09-12,sui,0.33,17.03,16.66
2025-09-12,tezos,0.33,62.54,28.68
2025-09-13,avalanche,0.2,100.0,27.52
2025-09-13,celestia,0.2,69.46,23.68
2025-09-13,cosmoshub,0.2,94.85,28.14
2025-09-13,injective,0.2,46.1,21.83
2025-09-13,near,0.2,99.65,27.64
2025-09-13,sei,0.2,25.86,17.51
2025-09-13,solana,0.2,100.0,28.59
2025-09-13,sui,0.2,72.9,18.07
2025-09-13,tezos,0.2,98.68,29.01
2025-09-13,avalanche,0.25,100.0,27.36
2025-09-13,celestia,0.25,55.44,23.4
2025-09-13,cosmoshub,0.25,85.56,27.88
2025-09-13,injective,0.25,28.43,21.3
2025-09-13,near,0.25,95.56,27.45
2025-09-13,sei,0.25,14.33,17.12
2025-09-13,solana,0.25,100.0,28.39
2025-09-13,sui,0.25,53.41,17.45
2025-09-13,tezos,0.25,89.6,28.83
2025-09-13,avalanche,0.3,99.78,27.23
2025-09-13,celestia,0.3,29.92,22.6
2025-09-13,cosmoshub,0.3,68.7,27.66
2025-09-13,injective,0.3,15.16,20.59
2025-09-13,near,0.3,89.66,27.34
2025-09-13,sei,0.3,4.63,16.78
2025-09-13,solana,0.3,99.93,28.15
2025-09-13,sui,0.3,32.04,16.95
2025-09-13,tezos,0.3,62.11,28.67
2025-09-13,avalanche,0.33,98.06,27.14
2025-09-13,celestia,0.33,18.12,22.21
2025-09-13,cosmoshub,0.33,45.84,27.45
2025-09-13,injective,0.33,4.75,19.98
2025-09-13,near,0.33,64.47,27.11
2025-09-13,sei,0.33,4.63,16.78
2025-09-13,solana,0.33,99.08,28.03
2025-09-13,sui,0.33,17.07,16.66
2025-09-13,tezos,0.33,62.11,28.67
2025-09-14,avalanche,0.2,100.0,27.54
2025-09-14,celestia,0.2,69.46,23.68
2025-09-14,cosmoshub,0.2,94.85,28.14
2025-09-14,injective,0.2,46.09,21.83
2025-09-14,near,0.2,99.65,27.65
2025-09-14,osmosis,0.2,70.19,21.94
2025-09-14,sei,0.2,25.78,17.54
2025-09-14,solana,0.2,100.0,28.59
2025-09-14,sui,0.2,72.87,18.09
2025-09-14,tezos,0.2,98.69,29.01
2025-09-14,avalanche,0.25,100.0,27.38
2025-09-14,celestia,0.25,55.44,23.4
2025-09-14,cosmoshub,0.25,85.57,27.88
2025-09-14,injective,0.25,28.42,21.31
2025-09-14,near,0.25,95.52,27.45
2025-09-14,osmosis,0.25,49.88,21.2
2025-09-14,sei,0.25,14.23,17.15
2025-09-14,solana,0.25,100.0,28.38
2025-09-14,sui,0.25,53.36,17.46
2025-09-14,tezos,0.25,89.65,28.83
2025-09-14,avalanche,0.3,99.75,27.24
2025-09-14,celestia,0.3,29.94,22.6
2025-09-14,cosmoshub,0.3,68.7,27.66
2025-09-14,injective,0.3,15.15,20.6
2025-09-14,near,0.3,89.55,27.34
2025-09-14,osmosis,0.3,27.78,20.61
2025-09-14,sei,0.3,4.51,16.81
2025-09-14,solana,0.3,99.92,28.14
2025-09-14,sui,0.3,32.01,16.95
2025-09-14,tezos,0.3,62.25,28.67
2025-09-14,avalanche,0.33,97.85,27.16
2025-09-14,celestia,0.33,18.14,22.21
2025-09-14,cosmoshub,0.33,45.83,27.45
2025-09-14,injective,0.33,4.73,19.98
2025-09-14,near,0.33,64.18,27.12
2025-09-14,osmosis,0.33,16.6,20.35
2025-09-14,sei,0.33,4.51,16.81
2025-09-14,solana,0.33,99.02,28.02
2025-09-14,sui,0.33,17.03,16.66
2025-09-14,tezos,0.33,62.25,28.67
2025-09-15,avalanche,0.2,100.0,27.54
2025-09-15,celestia,0.2,69.46,23.68
2025-09-15,cosmoshub,0.2,94.85,28.14
2025-09-15,injective,0.2,46.13,21.83
2025-09-15,near,0.2,99.6,27.63
2025-09-15,osmosis,0.2,70.16,21.95
2025-09-15,sei,0.2,25.78,17.54
2025-09-15,solana,0.2,100.0,28.53
2025-09-15,sui,0.2,72.89,18.08
2025-09-15,tezos,0.2,98.71,29.01
2025-09-15,avalanche,0.25,100.0,27.38
2025-09-15,celestia,0.25,55.44,23.4
2025-09-15,cosmoshub,0.25,85.57,27.88
2025-09-15,injective,0.25,28.46,21.3
2025-09-15,near,0.25,95.18,27.43
2025-09-15,osmosis,0.25,49.81,21.21
2025-09-15,sei,0.25,14.23,17.15
2025-09-15,solana,0.25,100.0,28.32
2025-09-15,sui,0.25,53.38,17.46
2025-09-15,tezos,0.25,89.78,28.83
2025-09-15,avalanche,0.3,99.76,27.24
2025-09-15,celestia,0.3,29.94,22.6
2025-09-15,cosmoshub,0.3,68.7,27.66
2025-09-15,injective,0.3,15.2,20.59
2025-09-15,near,0.3,88.93,27.32
2025-09-15,osmosis,0.3,27.73,20.62
2025-09-15,sei,0.3,4.51,16.81
2025-09-15,solana,0.3,99.94,28.14
2025-09-15,sui,0.3,32.04,16.95
2025-09-15,tezos,0.3,62.57,28.67
2025-09-15,avalanche,0.33,97.89,27.16
2025-09-15,celestia,0.33,18.14,22.21
2025-09-15,cosmoshub,0.33,45.83,27.45
2025-09-15,injective,0.33,4.68,19.99
2025-09-15,near,0.33,62.94,27.09
2025-09-15,osmosis,0.33,16.55,20.36
2025-09-15,sei,0.33,4.51,16.81
2025-09-15,solana,0.33,99.06,28.02
2025-09-15,sui,0.33,17.07,16.66
2025-09-15,tezos,0.33,62.57,28.67
2025-09-16,avalanche,0.2,100.0,27.63
2025-09-16,celestia,0.2,69.65,23.67
2025-09-16,cosmoshub,0.2,94.82,28.15
2025-09-16,injective,0.2,46.12,21.83
2025-09-16,near,0.2,99.65,27.65
2025-09-16,osmosis,0.2,70.15,21.95
2025-09-16,sei,0.2,25.68,17.58
2025-09-16,solana,0.2,100.0,28.52
2025-09-16,sui,0.2,72.89,18.08
2025-09-16,tezos,0.2,98.78,29.01
2025-09-16,avalanche,0.25,100.0,27.51
2025-09-16,celestia,0.25,55.87,23.37
2025-09-16,cosmoshub,0.25,85.52,27.88
2025-09-16,injective,0.25,28.45,21.3
2025-09-16,near,0.25,95.52,27.45
2025-09-16,osmosis,0.25,49.8,21.21
2025-09-16,sei,0.25,14.1,17.19
2025-09-16,solana,0.25,100.0,28.31
2025-09-16,sui,0.25,53.38,17.46
2025-09-16,tezos,0.25,90.11,28.84
2025-09-16,avalanche,0.3,99.79,27.34
2025-09-16,celestia,0.3,30.47,22.57
2025-09-16,cosmoshub,0.3,68.58,27.67
2025-09-16,injective,0.3,15.18,20.59
2025-09-16,near,0.3,89.54,27.34
2025-09-16,osmosis,0.3,27.72,20.62
2025-09-16,sei,0.3,4.43,16.83
2025-09-16,solana,0.3,99.94,28.14
2025-09-16,sui,0.3,32.01,16.95
2025-09-16,tezos,0.3,63.22,28.68
2025-09-16,avalanche,0.33,98.04,27.26
2025-09-16,celestia,0.33,18.63,22.19
2025-09-16,cosmoshub,0.33,45.72,27.46
2025-09-16,injective,0.33,4.67,20.0
2025-09-16,near,0.33,64.14,27.12
2025-09-16,osmosis,0.33,16.54,20.36
2025-09-16,sei,0.33,4.43,16.83
2025-09-16,solana,0.33,99.06,28.02
2025-09-16,sui,0.33,17.03,16.66
2025-09-16,tezos,0.33,63.22,28.68
2025-09-17,avalanche,0.2,100.0,27.61
2025-09-17,celestia,0.2,69.59,23.67
2025-09-17,cosmoshub,0.2,94.75,28.15
2025-09-17,injective,0.2,46.1,21.83
2025-09-17,near,0.2,99.65,27.64
2025-09-17,osmosis,0.2,69.66,22.02
2025-09-17,sei,0.2,25.52,17.64
2025-09-17,solana,0.2,100.0,28.62
2025-09-17,sui,0.2,72.89,18.08
2025-09-17,tezos,0.2,99.01,28.99
2025-09-17,avalanche,0.25,100.0,27.48
2025-09-17,celestia,0.25,55.75,23.38
2025-09-17,cosmoshub,0.25,85.36,27.89
2025-09-17,injective,0.25,28.43,21.3
2025-09-17,near,0.25,95.55,27.45
2025-09-17,osmosis,0.25,59.8,21.61
2025-09-17,sei,0.25,13.9,17.24
2025-09-17,solana,0.25,100.0,28.42
2025-09-17,sui,0.25,53.38,17.46
2025-09-17,tezos,0.25,91.39,28.81
2025-09-17,avalanche,0.3,99.78,27.31
2025-09-17,celestia,0.3,30.74,22.56
2025-09-17,cosmoshub,0.3,68.3,27.67
2025-09-17,injective,0.3,15.16,20.59
2025-09-17,near,0.3,89.61,27.34
2025-09-17,osmosis,0.3,27.2,20.65
2025-09-17,sei,0.3,4.23,16.89
2025-09-17,solana,0.3,99.95,28.23
2025-09-17,sui,0.3,32.04,16.95
2025-09-17,tezos,0.3,66.48,28.66
2025-09-17,avalanche,0.33,97.97,27.23
2025-09-17,celestia,0.33,18.87,22.17
2025-09-17,cosmoshub,0.33,45.42,27.46
2025-09-17,injective,0.33,4.7,19.99
2025-09-17,near,0.33,64.32,27.12
2025-09-17,osmosis,0.33,16.11,20.39
2025-09-17,sei,0.33,4.23,16.89
2025-09-17,solana,0.33,99.1,28.11
2025-09-17,sui,0.33,17.07,16.66
2025-09-17,tezos,0.33,66.48,28.66
2025-09-18,avalanche,0.2,100.0,27.69
2025-09-18,celestia,0.2,69.66,23.66
2025-09-18,cosmoshub,0.2,94.74,28.15
2025-09-18,injective,0.2,46.12,21.83
2025-09-18,near,0.2,99.65,27.64
2025-09-18,osmosis,0.2,70.04,21.97
2025-09-18,sei,0.2,25.52,17.64
2025-09-18,solana,0.2,100.0,28.62
2025-09-18,sui,0.2,72.87,18.09
2025-09-18,tezos,0.2,99.01,28.99
2025-09-18,avalanche,0.25,100.0,27.52
2025-09-18,celestia,0.25,55.83,23.37
2025-09-18,cosmoshub,0.25,85.35,27.89
2025-09-18,injective,0.25,27.7,21.4
2025-09-18,near,0.25,95.56,27.45
2025-09-18,osmosis,0.25,49.68,21.22
2025-09-18,sei,0.25,13.9,17.24
2025-09-18,solana,0.25,100.0,28.43
2025-09-18,sui,0.25,53.36,17.46
2025-09-18,tezos,0.25,91.43,28.82
2025-09-18,avalanche,0.3,99.87,27.38
2025-09-18,celestia,0.3,30.84,22.56
2025-09-18,cosmoshub,0.3,68.29,27.67
2025-09-18,injective,0.3,11.33,21.04
2025-09-18,near,0.3,89.63,27.34
2025-09-18,osmosis,0.3,27.67,20.62
2025-09-18,sei,0.3,4.23,16.89
2025-09-18,solana,0.3,99.95,28.23
2025-09-18,sui,0.3,32.01,16.95
2025-09-18,tezos,0.3,66.66,28.67
2025-09-18,avalanche,0.33,98.58,27.3
2025-09-18,celestia,0.33,18.95,22.17
2025-09-18,cosmoshub,0.33,45.43,27.46
2025-09-18,injective,0.33,11.33,21.04
2025-09-18,near,0.33,64.34,27.11
2025-09-18,osmosis,0.33,16.57,20.35
2025-09-18,sei,0.33,4.23,16.89
2025-09-18,solana,0.33,99.13,28.11
2025-09-18,sui,0.33,17.03,16.66
2025-09-18,tezos,0.33,66.66,28.67
2025-09-19,avalanche,0.2,100.0,27.7
2025-09-19,celestia,0.2,69.62,23.67
2025-09-19,cosmoshub,0.2,94.74,28.15
2025-09-19,injective,0.2,46.1,21.83
2025-09-19,near,0.2,99.66,27.64
2025-09-19,osmosis,0.2,69.57,22.03
2025-09-19,sei,0.2,25.52,17.64
2025-09-19,solana,0.2,100.0,28.64
2025-09-19,sui,0.2,72.98,18.05
2025-09-19,tezos,0.2,99.1,29.01
2025-09-19,avalanche,0.25,100.0,27.54
2025-09-19,celestia,0.25,55.49,23.4
2025-09-19,cosmoshub,0.25,85.35,27.89
2025-09-19,injective,0.25,27.68,21.4
2025-09-19,near,0.25,95.65,27.44
2025-09-19,osmosis,0.25,59.58,21.63
2025-09-19,sei,0.25,13.9,17.24
2025-09-19,solana,0.25,100.0,28.44
2025-09-19,sui,0.25,53.54,17.43
2025-09-19,tezos,0.25,91.87,28.83
2025-09-19,avalanche,0.3,99.87,27.4
2025-09-19,celestia,0.3,30.39,22.58
2025-09-19,cosmoshub,0.3,68.34,27.67
2025-09-19,injective,0.3,11.3,21.04
2025-09-19,near,0.3,89.83,27.34
2025-09-19,osmosis,0.3,26.45,20.71
2025-09-19,sei,0.3,4.23,16.89
2025-09-19,solana,0.3,99.94,28.25
2025-09-19,sui,0.3,32.15,16.93
2025-09-19,tezos,0.3,67.51,28.68
2025-09-19,avalanche,0.33,98.59,27.32
2025-09-19,celestia,0.33,18.53,22.19
2025-09-19,cosmoshub,0.33,45.52,27.46
2025-09-19,injective,0.33,11.3,21.04
2025-09-19,near,0.33,64.84,27.11
2025-09-19,osmosis,0.33,15.43,20.44
2025-09-19,sei,0.33,4.23,16.89
2025-09-19,solana,0.33,98.98,28.12
2025-09-19,sui,0.33,17.15,16.65
2025-09-19,tezos,0.33,67.51,28.68
2025-09-20,avalanche,0.2,100.0,27.7
2025-09-20,celestia,0.2,80.66,24.14
2025-09-20,cosmoshub,0.2,94.72,28.15
2025-09-20,injective,0.2,45.93,21.86
2025-09-20,near,0.2,99.65,27.64
2025-09-20,osmosis,0.2,69.59,22.03
2025-09-20,sei,0.2,25.53,17.63
2025-09-20,solana,0.2,100.0,28.64
2025-09-20,sui,0.2,72.98,18.05
2025-09-20,tezos,0.2,99.1,29.01
2025-09-20,avalanche,0.25,100.0,27.53
2025-09-20,celestia,0.25,52.38,23.6
2025-09-20,cosmoshub,0.25,85.33,27.89
2025-09-20,injective,0.25,27.44,21.43
2025-09-20,near,0.25,95.6,27.45
2025-09-20,osmosis,0.25,59.6,21.63
2025-09-20,sei,0.25,13.9,17.24
2025-09-20,solana,0.25,100.0,28.44
2025-09-20,sui,0.25,53.54,17.43
2025-09-20,tezos,0.25,91.86,28.84
2025-09-20,avalanche,0.3,99.89,27.38
2025-09-20,celestia,0.3,35.7,23.36
2025-09-20,cosmoshub,0.3,68.34,27.67
2025-09-20,injective,0.3,11.01,21.07
2025-09-20,near,0.3,89.71,27.34
2025-09-20,osmosis,0.3,26.44,20.71
2025-09-20,sei,0.3,4.23,16.89
2025-09-20,solana,0.3,99.94,28.24
2025-09-20,sui,0.3,32.15,16.93
2025-09-20,tezos,0.3,67.49,28.69
2025-09-20,avalanche,0.33,97.64,27.28
2025-09-20,celestia,0.33,22.69,22.95
2025-09-20,cosmoshub,0.33,45.53,27.46
2025-09-20,injective,0.33,11.01,21.07
2025-09-20,near,0.33,64.48,27.11
2025-09-20,osmosis,0.33,15.41,20.44
2025-09-20,sei,0.33,4.23,16.89
2025-09-20,solana,0.33,98.98,28.12
2025-09-20,sui,0.33,17.15,16.65
2025-09-20,tezos,0.33,67.49,28.69
2025-09-21,avalanche,0.2,100.0,27.7
2025-09-21,celestia,0.2,80.67,24.14
2025-09-21,cosmoshub,0.2,94.72,28.15
2025-09-21,injective,0.2,45.94,21.86
2025-09-21,near,0.2,99.65,27.64
2025-09-21,osmosis,0.2,69.6,22.03
2025-09-21,sei,0.2,25.52,17.64
2025-09-21,solana,0.2,100.0,28.66
2025-09-21,sui,0.2,72.98,18.05
2025-09-21,tezos,0.2,99.09,29.01
2025-09-21,avalanche,0.25,100.0,27.53
2025-09-21,celestia,0.25,52.4,23.6
2025-09-21,cosmoshub,0.25,85.34,27.89
2025-09-21,injective,0.25,27.45,21.43
2025-09-21,near,0.25,95.57,27.45
2025-09-21,osmosis,0.25,59.61,21.63
2025-09-21,sei,0.25,13.89,17.25
2025-09-21,solana,0.25,100.0,28.5
2025-09-21,sui,0.25,53.54,17.43
2025-09-21,tezos,0.25,91.8,28.84
2025-09-21,avalanche,0.3,99.87,27.38
2025-09-21,celestia,0.3,35.63,23.37
2025-09-21,cosmoshub,0.3,68.38,27.67
2025-09-21,injective,0.3,11.02,21.07
2025-09-21,near,0.3,89.63,27.34
2025-09-21,osmosis,0.3,26.5,20.7
2025-09-21,sei,0.3,4.26,16.88
2025-09-21,solana,0.3,99.93,28.25
2025-09-21,sui,0.3,32.15,16.93
2025-09-21,tezos,0.3,67.3,28.69
2025-09-21,avalanche,0.33,98.66,27.3
2025-09-21,celestia,0.33,22.62,22.95
2025-09-21,cosmoshub,0.33,45.61,27.46
2025-09-21,injective,0.33,11.02,21.07
2025-09-21,near,0.33,64.26,27.12
2025-09-21,osmosis,0.33,15.48,20.43
2025-09-21,sei,0.33,4.26,16.88
2025-09-21,solana,0.33,98.96,28.12
2025-09-21,sui,0.33,17.15,16.65
2025-09-21,tezos,0.33,67.3,28.69
2025-09-22,avalanche,0.2,100.0,27.73
2025-09-22,celestia,0.2,80.67,24.14
2025-09-22,cosmoshub,0.2,94.7,28.15
2025-09-22,injective,0.2,45.94,21.86
2025-09-22,near,0.2,99.51,27.72
2025-09-22,osmosis,0.2,69.73,22.01
2025-09-22,sei,0.2,25.52,17.64
2025-09-22,solana,0.2,100.0,28.66
2025-09-22,sui,0.2,72.99,18.05
2025-09-22,tezos,0.2,98.36,28.9
2025-09-22,avalanche,0.25,100.0,27.56
2025-09-22,celestia,0.25,52.45,23.6
2025-09-22,cosmoshub,0.25,85.29,27.89
2025-09-22,injective,0.25,27.45,21.43
2025-09-22,near,0.25,98.06,27.62
2025-09-22,osmosis,0.25,59.74,21.61
2025-09-22,sei,0.25,13.89,17.25
2025-09-22,solana,0.25,100.0,28.5
2025-09-22,sui,0.25,53.56,17.42
2025-09-22,tezos,0.25,88.4,28.71
2025-09-22,avalanche,0.3,99.83,27.41
2025-09-22,celestia,0.3,35.66,23.37
2025-09-22,cosmoshub,0.3,68.27,27.67
2025-09-22,injective,0.3,11.04,21.07
2025-09-22,near,0.3,86.07,27.43
2025-09-22,osmosis,0.3,26.66,20.69
2025-09-22,sei,0.3,4.26,16.88
2025-09-22,solana,0.3,99.93,28.25
2025-09-22,sui,0.3,32.18,16.93
2025-09-22,tezos,0.3,60.55,28.55
2025-09-22,avalanche,0.33,98.31,27.33
2025-09-22,celestia,0.33,22.64,22.95
2025-09-22,cosmoshub,0.33,45.49,27.46
2025-09-22,injective,0.33,11.04,21.07
2025-09-22,near,0.33,72.74,27.32
2025-09-22,osmosis,0.33,15.65,20.42
2025-09-22,sei,0.33,4.26,16.88
2025-09-22,solana,0.33,98.95,28.12
2025-09-22,sui,0.33,17.19,16.64
2025-09-22,tezos,0.33,60.55,28.55
2025-09-23,avalanche,0.2,100.0,27.77
2025-09-23,celestia,0.2,71.08,23.52
2025-09-23,cosmoshub,0.2,94.58,28.16
2025-09-23,injective,0.2,45.93,21.86
2025-09-23,near,0.2,99.62,27.66
2025-09-23,osmosis,0.2,69.58,22.03
2025-09-23,sei,0.2,26.21,17.38
2025-09-23,solana,0.2,100.0,28.66
2025-09-23,sui,0.2,72.94,18.06
2025-09-23,tezos,0.2,98.49,28.93
2025-09-23,avalanche,0.25,100.0,27.63
2025-09-23,celestia,0.25,57.07,23.28
2025-09-23,cosmoshub,0.25,85.05,27.9
2025-09-23,injective,0.25,27.43,21.44
2025-09-23,near,0.25,94.74,27.5
2025-09-23,osmosis,0.25,59.61,21.63
2025-09-23,sei,0.25,14.78,16.98
2025-09-23,solana,0.25,100.0,28.5
2025-09-23,sui,0.25,53.48,17.44
2025-09-23,tezos,0.25,88.91,28.75
2025-09-23,avalanche,0.3,99.9,27.47
2025-09-23,celestia,0.3,42.15,23.03
2025-09-23,cosmoshub,0.3,67.89,27.67
2025-09-23,injective,0.3,11.02,21.07
2025-09-23,near,0.3,86.38,27.43
2025-09-23,osmosis,0.3,26.49,20.7
2025-09-23,sei,0.3,5.26,16.6
2025-09-23,solana,0.3,99.93,28.25
2025-09-23,sui,0.3,32.08,16.94
2025-09-23,tezos,0.3,61.33,28.58
2025-09-23,avalanche,0.33,97.88,27.35
2025-09-23,celestia,0.33,18.39,22.2
2025-09-23,cosmoshub,0.33,45.06,27.46
2025-09-23,injective,0.33,11.02,21.07
2025-09-23,near,0.33,71.81,27.33
2025-09-23,osmosis,0.33,15.51,20.43
2025-09-23,sei,0.33,5.26,16.6
2025-09-23,solana,0.33,98.96,28.12
2025-09-23,sui,0.33,17.07,16.66
2025-09-23,tezos,0.33,61.33,28.58
2025-09-24,avalanche,0.2,100.0,27.77
2025-09-24,celestia,0.2,71.14,23.52
2025-09-24,cosmoshub,0.2,94.52,28.16
2025-09-24,injective,0.2,45.68,21.9
2025-09-24,near,0.2,99.13,27.68
2025-09-24,osmosis,0.2,78.71,22.51
2025-09-24,sei,0.2,27.12,17.01
2025-09-24,solana,0.2,100.0,28.66
2025-09-24,sui,0.2,72.92,18.07
2025-09-24,tezos,0.2,98.56,28.94
2025-09-24,avalanche,0.25,100.0,27.64
2025-09-24,celestia,0.25,57.26,23.27
2025-09-24,cosmoshub,0.25,84.92,27.9
2025-09-24,injective,0.25,27.24,21.46
2025-09-24,near,0.25,96.51,27.6
2025-09-24,osmosis,0.25,59.44,21.65
2025-09-24,sei,0.25,16.04,16.57
2025-09-24,solana,0.25,100.0,28.5
2025-09-24,sui,0.25,53.46,17.44
2025-09-24,tezos,0.25,89.2,28.75
2025-09-24,avalanche,0.3,99.9,27.48
2025-09-24,celestia,0.3,42.31,23.02
2025-09-24,cosmoshub,0.3,67.65,27.68
2025-09-24,injective,0.3,10.97,21.08
2025-09-24,near,0.3,78.59,27.4
2025-09-24,osmosis,0.3,37.66,21.0
2025-09-24,sei,0.3,7.3,16.03
2025-09-24,solana,0.3,99.93,28.25
2025-09-24,sui,0.3,32.04,16.95
2025-09-24,tezos,0.3,61.83,28.59
2025-09-24,avalanche,0.33,97.91,27.36
2025-09-24,celestia,0.33,18.86,22.17
2025-09-24,cosmoshub,0.33,44.79,27.47
2025-09-24,injective,0.33,10.97,21.08
2025-09-24,near,0.33,61.12,27.29
2025-09-24,osmosis,0.33,15.34,20.44
2025-09-24,sei,0.33,1.32,15.49
2025-09-24,solana,0.33,98.97,28.12
2025-09-24,sui,0.33,17.03,16.66
2025-09-24,tezos,0.33,61.83,28.59
2025-09-25,avalanche,0.2,100.0,27.78
2025-09-25,celestia,0.2,71.1,23.52
2025-09-25,cosmoshub,0.2,94.45,28.17
2025-09-25,injective,0.2,45.67,21.9
2025-09-25,near,0.2,99.64,27.65
2025-09-25,osmosis,0.2,78.79,22.5
2025-09-25,sei,0.2,27.37,16.9
2025-09-25,solana,0.2,100.0,28.67
2025-09-25,sui,0.2,72.94,18.06
2025-09-25,tezos,0.2,98.5,28.93
2025-09-25,avalanche,0.25,100.0,27.65
2025-09-25,celestia,0.25,57.32,23.27
2025-09-25,cosmoshub,0.25,84.94,27.9
2025-09-25,injective,0.25,27.23,21.46
2025-09-25,near,0.25,94.96,27.49
2025-09-25,osmosis,0.25,59.55,21.63
2025-09-25,sei,0.25,16.38,16.45
2025-09-25,solana,0.25,100.0,28.51
2025-09-25,sui,0.25,53.46,17.44
2025-09-25,tezos,0.25,88.98,28.74
2025-09-25,avalanche,0.3,99.91,27.49
2025-09-25,celestia,0.3,42.42,23.01
2025-09-25,cosmoshub,0.3,67.68,27.68
2025-09-25,injective,0.3,10.97,21.08
2025-09-25,near,0.3,86.96,27.41
2025-09-25,osmosis,0.3,26.89,20.68
2025-09-25,sei,0.3,7.71,15.91
2025-09-25,solana,0.3,99.92,28.26
2025-09-25,sui,0.3,32.04,16.95
2025-09-25,tezos,0.3,61.37,28.58
2025-09-25,avalanche,0.33,97.91,27.37
2025-09-25,celestia,0.33,17.03,22.27
2025-09-25,cosmoshub,0.33,44.86,27.46
2025-09-25,injective,0.33,10.97,21.08
2025-09-25,near,0.33,72.95,27.32
2025-09-25,osmosis,0.33,15.91,20.4
2025-09-25,sei,0.33,1.55,15.36
2025-09-25,solana,0.33,98.89,28.13
2025-09-25,sui,0.33,17.03,16.66
2025-09-25,tezos,0.33,61.37,28.58
2025-09-26,avalanche,0.2,100.0,27.81
2025-09-26,celestia,0.2,71.2,23.51
2025-09-26,cosmoshub,0.2,94.37,28.17
2025-09-26,injective,0.2,45.7,21.9
2025-09-26,near,0.2,99.64,27.63
2025-09-26,osmosis,0.2,78.73,22.51
2025-09-26,sei,0.2,27.35,16.91
2025-09-26,solana,0.2,100.0,28.67
2025-09-26,sui,0.2,72.94,18.06
2025-09-26,tezos,0.2,98.58,28.94
2025-09-26,avalanche,0.25,100.0,27.68
2025-09-26,celestia,0.25,57.46,23.25
2025-09-26,cosmoshub,0.25,84.8,27.9
2025-09-26,injective,0.25,27.28,21.46
2025-09-26,near,0.25,95.22,27.45
2025-09-26,osmosis,0.25,59.32,21.66
2025-09-26,sei,0.25,16.36,16.45
2025-09-26,solana,0.25,100.0,28.51
2025-09-26,sui,0.25,53.46,17.44
2025-09-26,tezos,0.25,89.39,28.76
2025-09-26,avalanche,0.3,99.9,27.53
2025-09-26,celestia,0.3,28.19,22.69
2025-09-26,cosmoshub,0.3,67.43,27.68
2025-09-26,injective,0.3,11.02,21.07
2025-09-26,near,0.3,87.62,27.38
2025-09-26,osmosis,0.3,26.4,20.71
2025-09-26,sei,0.3,7.69,15.91
2025-09-26,solana,0.3,99.92,28.26
2025-09-26,sui,0.3,32.04,16.95
2025-09-26,tezos,0.3,62.22,28.6
2025-09-26,avalanche,0.33,97.82,27.41
2025-09-26,celestia,0.33,17.22,22.26
2025-09-26,cosmoshub,0.33,44.62,27.47
2025-09-26,injective,0.33,11.02,21.07
2025-09-26,near,0.33,74.3,27.29
2025-09-26,osmosis,0.33,15.41,20.44
2025-09-26,sei,0.33,1.54,15.37
2025-09-26,solana,0.33,98.89,28.13
2025-09-26,sui,0.33,17.03,16.66
2025-09-26,tezos,0.33,62.22,28.6
2025-09-27,avalanche,0.2,100.0,27.82
2025-09-27,celestia,0.2,71.22,23.51
2025-09-27,cosmoshub,0.2,94.22,28.18
2025-09-27,injective,0.2,45.45,21.94
2025-09-27,near,0.2,99.61,27.58
2025-09-27,osmosis,0.2,78.3,22.58
2025-09-27,sei,0.2,27.37,16.9
2025-09-27,solana,0.2,100.0,28.67
2025-09-27,sui,0.2,72.81,18.1
2025-09-27,tezos,0.2,98.62,28.95
2025-09-27,avalanche,0.25,100.0,27.66
2025-09-27,celestia,0.25,57.46,23.25
2025-09-27,cosmoshub,0.25,84.48,27.91
2025-09-27,injective,0.25,26.64,21.54
2025-09-27,near,0.25,95.0,27.41
2025-09-27,osmosis,0.25,58.66,21.73
2025-09-27,sei,0.25,16.39,16.44
2025-09-27,solana,0.25,100.0,28.5
2025-09-27,sui,0.25,53.36,17.46
2025-09-27,tezos,0.25,89.55,28.77
2025-09-27,avalanche,0.3,99.85,27.52
2025-09-27,celestia,0.3,28.2,22.69
2025-09-27,cosmoshub,0.3,66.86,27.69
2025-09-27,injective,0.3,10.4,21.14
2025-09-27,near,0.3,87.21,27.33
2025-09-27,osmosis,0.3,36.7,21.08
2025-09-27,sei,0.3,7.72,15.9
2025-09-27,solana,0.3,99.93,28.25
2025-09-27,sui,0.3,31.9,16.96
2025-09-27,tezos,0.3,62.43,28.61
2025-09-27,avalanche,0.33,98.34,27.44
2025-09-27,celestia,0.33,17.23,22.26
2025-09-27,cosmoshub,0.33,43.97,27.47
2025-09-27,injective,0.33,10.4,21.14
2025-09-27,near,0.33,73.76,27.24
2025-09-27,osmosis,0.33,14.32,20.52
2025-09-27,sei,0.33,1.55,15.36
2025-09-27,solana,0.33,99.0,28.12
2025-09-27,sui,0.33,16.86,16.68
2025-09-27,tezos,0.33,62.43,28.61
2025-09-28,avalanche,0.2,100.0,27.82
2025-09-28,celestia,0.2,71.21,23.51
2025-09-28,cosmoshub,0.2,94.24,28.18
2025-09-28,injective,0.2,45.4,21.94
2025-09-28,near,0.2,99.61,27.57
2025-09-28,osmosis,0.2,78.3,22.58
2025-09-28,sei,0.2,27.4,16.89
2025-09-28,solana,0.2,100.0,28.67
2025-09-28,sui,0.2,72.83,18.1
2025-09-28,tezos,0.2,98.61,28.95
2025-09-28,avalanche,0.25,100.0,27.66
2025-09-28,celestia,0.25,57.45,23.26
2025-09-28,cosmoshub,0.25,84.37,27.91
2025-09-28,injective,0.25,26.61,21.54
2025-09-28,near,0.25,95.01,27.4
2025-09-28,osmosis,0.25,58.66,21.73
2025-09-28,sei,0.25,16.43,16.43
2025-09-28,solana,0.25,100.0,28.5
2025-09-28,sui,0.25,53.38,17.46
2025-09-28,tezos,0.25,89.49,28.76
2025-09-28,avalanche,0.3,99.93,27.55
2025-09-28,celestia,0.3,42.59,23.0
2025-09-28,cosmoshub,0.3,66.67,27.69
2025-09-28,injective,0.3,10.39,21.14
2025-09-28,near,0.3,87.22,27.33
2025-09-28,osmosis,0.3,36.6,21.08
2025-09-28,sei,0.3,7.76,15.89
2025-09-28,solana,0.3,99.93,28.25
2025-09-28,sui,0.3,31.94,16.96
2025-09-28,tezos,0.3,62.25,28.61
2025-09-28,avalanche,0.33,98.13,27.44
2025-09-28,celestia,0.33,17.22,22.26
2025-09-28,cosmoshub,0.33,43.78,27.48
2025-09-28,injective,0.33,10.39,21.14
2025-09-28,near,0.33,73.75,27.23
2025-09-28,osmosis,0.33,14.24,20.53
2025-09-28,sei,0.33,1.58,15.34
2025-09-28,solana,0.33,99.0,28.12
2025-09-28,sui,0.33,16.9,16.67
2025-09-28,tezos,0.33,62.25,28.61
2025-09-29,avalanche,0.2,100.0,27.81
2025-09-29,celestia,0.2,71.2,23.51
2025-09-29,cosmoshub,0.2,94.23,28.18
2025-09-29,injective,0.2,45.4,21.94
2025-09-29,near,0.2,99.68,27.62
2025-09-29,osmosis,0.2,78.3,22.58
2025-09-29,sei,0.2,27.4,16.89
2025-09-29,solana,0.2,100.0,28.68
2025-09-29,sui,0.2,72.81,18.1
2025-09-29,tezos,0.2,98.53,28.95
2025-09-29,avalanche,0.25,100.0,27.65
2025-09-29,celestia,0.25,57.44,23.26
2025-09-29,cosmoshub,0.25,84.23,27.91
2025-09-29,injective,0.25,26.61,21.54
2025-09-29,near,0.25,95.51,27.45
2025-09-29,osmosis,0.25,58.66,21.73
2025-09-29,sei,0.25,16.43,16.43
2025-09-29,solana,0.25,100.0,28.52
2025-09-29,sui,0.25,53.36,17.46
2025-09-29,tezos,0.25,89.13,28.76
2025-09-29,avalanche,0.3,99.92,27.54
2025-09-29,celestia,0.3,42.58,23.0
2025-09-29,cosmoshub,0.3,66.39,27.69
2025-09-29,injective,0.3,10.4,21.14
2025-09-29,near,0.3,88.18,27.38
2025-09-29,osmosis,0.3,36.6,21.08
2025-09-29,sei,0.3,7.77,15.89
2025-09-29,solana,0.3,99.92,28.26
2025-09-29,sui,0.3,31.9,16.96
2025-09-29,tezos,0.3,61.55,28.6
2025-09-29,avalanche,0.33,98.02,27.43
2025-09-29,celestia,0.33,17.21,22.26
2025-09-29,cosmoshub,0.33,43.48,27.48
2025-09-29,injective,0.33,10.4,21.14
2025-09-29,near,0.33,75.22,27.29
2025-09-29,osmosis,0.33,14.24,20.53
2025-09-29,sei,0.33,1.58,15.34
2025-09-29,solana,0.33,98.94,28.13
2025-09-29,sui,0.33,16.86,16.68
2025-09-29,tezos,0.33,61.55,28.6
2025-09-30,avalanche,0.2,100.0,27.76
2025-09-30,celestia,0.2,71.22,23.51
2025-09-30,cosmoshub,0.2,94.26,28.18
2025-09-30,injective,0.2,45.71,21.9
2025-09-30,near,0.2,99.64,27.63
2025-09-30,osmosis,0.2,78.4,22.57
2025-09-30,sei,0.2,27.01,17.06
2025-09-30,solana,0.2,100.0,28.68
2025-09-30,sui,0.2,72.8,18.11
2025-09-30,tezos,0.2,98.6,28.96
2025-09-30,avalanche,0.25,100.0,27.6
2025-09-30,celestia,0.25,57.47,23.25
2025-09-30,cosmoshub,0.25,83.94,27.92
2025-09-30,injective,0.25,27.02,21.49
2025-09-30,near,0.25,95.2,27.46
2025-09-30,osmosis,0.25,58.8,21.72
2025-09-30,sei,0.25,16.04,16.57
2025-09-30,solana,0.25,100.0,28.52
2025-09-30,sui,0.25,53.33,17.47
2025-09-30,tezos,0.25,89.43,28.77
2025-09-30,avalanche,0.3,99.8,27.46
2025-09-30,celestia,0.3,28.22,22.69
2025-09-30,cosmoshub,0.3,65.87,27.7
2025-09-30,injective,0.3,10.88,21.09
2025-09-30,near,0.3,87.54,27.38
2025-09-30,osmosis,0.3,36.84,21.07
2025-09-30,sei,0.3,7.38,16.01
2025-09-30,solana,0.3,99.92,28.26
2025-09-30,sui,0.3,31.87,16.97
2025-09-30,tezos,0.3,62.06,28.61
2025-09-30,avalanche,0.33,98.1,27.37
2025-09-30,celestia,0.33,17.25,22.26
2025-09-30,cosmoshub,0.33,42.9,27.48
2025-09-30,injective,0.33,10.88,21.09
2025-09-30,near,0.33,74.13,27.29
2025-09-30,osmosis,0.33,14.52,20.51
2025-09-30,sei,0.33,1.39,15.45
2025-09-30,solana,0.33,98.95,28.13
2025-09-30,sui,0.33,16.82,16.68
2025-09-30,tezos,0.33,62.06,28.61
2025-10-01,avalanche,0.2,100.0,27.63
2025-10-01,celestia,0.2,71.25,23.51
2025-10-01,cosmoshub,0.2,94.23,28.18
2025-10-01,injective,0.2,45.67,21.9
2025-10-01,near,0.2,99.65,27.62
2025-10-01,osmosis,0.2,78.5,22.55
2025-10-01,sei,0.2,27.02,17.06
2025-10-01,solana,0.2,100.0,28.69
2025-10-01,sui,0.2,72.83,18.1
2025-10-01,tezos,0.2,98.69,28.96
2025-10-01,avalanche,0.25,100.0,27.5
2025-10-01,celestia,0.25,57.51,23.25
2025-10-01,cosmoshub,0.25,84.32,27.91
2025-10-01,injective,0.25,26.98,21.49
2025-10-01,near,0.25,95.24,27.44
2025-10-01,osmosis,0.25,58.96,21.7
2025-10-01,sei,0.25,16.04,16.57
2025-10-01,solana,0.25,100.0,28.53
2025-10-01,sui,0.25,53.23,17.49
2025-10-01,tezos,0.25,89.84,28.77
2025-10-01,avalanche,0.3,99.82,27.35
2025-10-01,celestia,0.3,28.75,22.66
2025-10-01,cosmoshub,0.3,66.48,27.69
2025-10-01,injective,0.3,10.83,21.09
2025-10-01,near,0.3,87.65,27.37
2025-10-01,osmosis,0.3,37.08,21.05
2025-10-01,sei,0.3,7.38,16.01
2025-10-01,solana,0.3,99.92,28.27
2025-10-01,sui,0.3,31.7,16.99
2025-10-01,tezos,0.3,62.94,28.62
2025-10-01,avalanche,0.33,97.06,27.21
2025-10-01,celestia,0.33,17.72,22.24
2025-10-01,cosmoshub,0.33,43.58,27.48
2025-10-01,injective,0.33,10.83,21.09
2025-10-01,near,0.33,74.33,27.28
2025-10-01,osmosis,0.33,14.83,20.48
2025-10-01,sei,0.33,1.39,15.45
2025-10-01,solana,0.33,98.94,28.14
2025-10-01,sui,0.33,16.61,16.7
2025-10-01,tezos,0.33,62.94,28.62
2025-10-02,avalanche,0.2,100.0,27.6
2025-10-02,celestia,0.2,71.21,23.51
2025-10-02,cosmoshub,0.2,93.96,28.19
2025-10-02,injective,0.2,45.62,21.91
2025-10-02,near,0.2,99.61,27.61
2025-10-02,osmosis,0.2,78.07,22.62
2025-10-02,sei,0.2,26.92,17.1
2025-10-02,solana,0.2,100.0,28.69
2025-10-02,sui,0.2,72.83,18.1
2025-10-02,tezos,0.2,98.7,28.96
2025-10-02,avalanche,0.25,100.0,27.47
2025-10-02,celestia,0.25,57.56,23.25
2025-10-02,cosmoshub,0.25,84.33,27.91
2025-10-02,injective,0.25,26.92,21.5
2025-10-02,near,0.25,94.93,27.44
2025-10-02,osmosis,0.25,58.33,21.77
2025-10-02,sei,0.25,15.91,16.61
2025-10-02,solana,0.25,100.0,28.52
2025-10-02,sui,0.25,53.23,17.49
2025-10-02,tezos,0.25,89.91,28.78
2025-10-02,avalanche,0.3,99.8,27.32
2025-10-02,celestia,0.3,28.82,22.66
2025-10-02,cosmoshub,0.3,66.51,27.69
2025-10-02,injective,0.3,10.78,21.1
2025-10-02,near,0.3,87.01,27.36
2025-10-02,osmosis,0.3,36.26,21.11
2025-10-02,sei,0.3,7.23,16.05
2025-10-02,solana,0.3,99.92,28.27
2025-10-02,sui,0.3,31.7,16.99
2025-10-02,tezos,0.3,63.14,28.62
2025-10-02,avalanche,0.33,98.32,27.22
2025-10-02,celestia,0.33,17.82,22.23
2025-10-02,cosmoshub,0.33,43.66,27.48
2025-10-02,injective,0.33,10.78,21.1
2025-10-02,near,0.33,73.31,27.27
2025-10-02,osmosis,0.33,14.06,20.54
2025-10-02,sei,0.33,1.31,15.49
2025-10-02,solana,0.33,98.93,28.14
2025-10-02,sui,0.33,16.61,16.7
2025-10-02,tezos,0.33,63.14,28.62
2025-10-03,avalanche,0.2,100.0,27.61
2025-10-03,celestia,0.2,74.08,23.19
2025-10-03,cosmoshub,0.2,93.94,28.19
2025-10-03,injective,0.2,45.62,21.91
2025-10-03,near,0.2,99.6,27.62
2025-10-03,osmosis,0.2,77.8,22.67
2025-10-03,sei,0.2,26.99,17.07
2025-10-03,solana,0.2,100.0,28.76
2025-10-03,sui,0.2,72.78,18.11
2025-10-03,tezos,0.2,98.64,28.95
2025-10-03,avalanche,0.25,100.0,27.46
2025-10-03,celestia,0.25,61.65,22.91
2025-10-03,cosmoshub,0.25,84.64,27.9
2025-10-03,injective,0.25,26.91,21.5
2025-10-03,near,0.25,94.83,27.44
2025-10-03,osmosis,0.25,57.85,21.82
2025-10-03,sei,0.25,16.02,16.57
2025-10-03,solana,0.25,100.0,28.54
2025-10-03,sui,0.25,53.2,17.49
2025-10-03,tezos,0.25,89.69,28.77
2025-10-03,avalanche,0.3,99.73,27.3
2025-10-03,celestia,0.3,35.3,22.31
2025-10-03,cosmoshub,0.3,67.34,27.68
2025-10-03,injective,0.3,10.77,21.1
2025-10-03,near,0.3,86.75,27.37
2025-10-03,osmosis,0.3,35.55,21.16
2025-10-03,sei,0.3,7.36,16.01
2025-10-03,solana,0.3,99.91,28.29
2025-10-03,sui,0.3,31.66,16.99
2025-10-03,tezos,0.3,62.81,28.61
2025-10-03,avalanche,0.33,97.73,27.21
2025-10-03,celestia,0.33,23.79,21.9
2025-10-03,cosmoshub,0.33,44.66,27.47
2025-10-03,injective,0.33,10.77,21.1
2025-10-03,near,0.33,72.78,27.28
2025-10-03,osmosis,0.33,13.32,20.6
2025-10-03,sei,0.33,1.38,15.45
2025-10-03,solana,0.33,98.78,28.16
2025-10-03,sui,0.33,16.57,16.7
2025-10-03,tezos,0.33,62.81,28.61
2025-10-04,avalanche,0.2,100.0,27.6
2025-10-04,celestia,0.2,73.85,23.22
2025-10-04,cosmoshub,0.2,93.86,28.2
2025-10-04,injective,0.2,45.29,21.96
2025-10-04,near,0.2,99.68,27.69
2025-10-04,osmosis,0.2,77.6,22.7
2025-10-04,sei,0.2,26.98,17.07
2025-10-04,solana,0.2,100.0,28.69
2025-10-04,sui,0.2,72.78,18.11
2025-10-04,tezos,0.2,98.7,28.96
2025-10-04,avalanche,0.25,100.0,27.44
2025-10-04,celestia,0.25,61.32,22.94
2025-10-04,cosmoshub,0.25,84.44,27.91
2025-10-04,injective,0.25,26.87,21.51
2025-10-04,near,0.25,95.4,27.53
2025-10-04,osmosis,0.25,57.63,21.84
2025-10-04,sei,0.25,16.01,16.58
2025-10-04,solana,0.25,100.0,28.54
2025-10-04,sui,0.25,53.2,17.49
2025-10-04,tezos,0.25,89.95,28.77
2025-10-04,avalanche,0.3,99.7,27.28
2025-10-04,celestia,0.3,34.76,22.34
2025-10-04,cosmoshub,0.3,68.13,27.67
2025-10-04,injective,0.3,10.62,21.12
2025-10-04,near,0.3,87.77,27.46
2025-10-04,osmosis,0.3,35.57,21.16
2025-10-04,sei,0.3,7.35,16.02
2025-10-04,solana,0.3,99.96,28.34
2025-10-04,sui,0.3,31.66,16.99
2025-10-04,tezos,0.3,63.29,28.61
2025-10-04,avalanche,0.33,97.55,27.19
2025-10-04,celestia,0.33,23.18,21.94
2025-10-04,cosmoshub,0.33,45.54,27.46
2025-10-04,injective,0.33,10.62,21.12
2025-10-04,near,0.33,74.18,27.37
2025-10-04,osmosis,0.33,13.32,20.6
2025-10-04,sei,0.33,1.38,15.46
2025-10-04,solana,0.33,98.57,28.16
2025-10-04,sui,0.33,16.57,16.7
2025-10-04,tezos,0.33,63.29,28.61
2025-10-05,avalanche,0.2,100.0,27.65
2025-10-05,celestia,0.2,74.11,23.18
2025-10-05,cosmoshub,0.2,93.95,28.19
2025-10-05,injective,0.2,45.28,21.96
2025-10-05,near,0.2,99.68,27.69
2025-10-05,osmosis,0.2,77.47,22.72
2025-10-05,sei,0.2,26.98,17.07
2025-10-05,solana,0.2,100.0,28.67
2025-10-05,sui,0.2,72.81,18.1
2025-10-05,tezos,0.2,98.71,28.96
2025-10-05,avalanche,0.25,100.0,27.5
2025-10-05,celestia,0.25,61.69,22.91
2025-10-05,cosmoshub,0.25,84.67,27.9
2025-10-05,injective,0.25,26.86,21.51
2025-10-05,near,0.25,95.41,27.53
2025-10-05,osmosis,0.25,57.41,21.86
2025-10-05,sei,0.25,16.01,16.58
2025-10-05,solana,0.25,100.0,28.52
2025-10-05,sui,0.25,53.25,17.48
2025-10-05,tezos,0.25,89.98,28.78
2025-10-05,avalanche,0.3,99.73,27.35
2025-10-05,celestia,0.3,35.37,22.3
2025-10-05,cosmoshub,0.3,68.49,27.67
2025-10-05,injective,0.3,10.6,21.12
2025-10-05,near,0.3,87.79,27.46
2025-10-05,osmosis,0.3,35.23,21.19
2025-10-05,sei,0.3,7.34,16.02
2025-10-05,solana,0.3,99.92,28.27
2025-10-05,sui,0.3,31.73,16.99
2025-10-05,tezos,0.3,63.35,28.62
2025-10-05,avalanche,0.33,97.66,27.25
2025-10-05,celestia,0.33,23.89,21.9
2025-10-05,cosmoshub,0.33,45.91,27.45
2025-10-05,injective,0.33,10.6,21.12
2025-10-05,near,0.33,74.22,27.37
2025-10-05,osmosis,0.33,13.02,20.62
2025-10-05,sei,0.33,1.37,15.46
2025-10-05,solana,0.33,98.99,28.13
2025-10-05,sui,0.33,16.66,16.7
2025-10-05,tezos,0.33,63.35,28.62
2025-10-06,avalanche,0.2,100.0,27.64
2025-10-06,celestia,0.2,74.13,23.18
2025-10-06,cosmoshub,0.2,93.95,28.19
2025-10-06,injective,0.2,45.26,21.97
2025-10-06,near,0.2,99.69,27.71
2025-10-06,osmosis,0.2,77.43,22.72
2025-10-06,sei,0.2,26.98,17.07
2025-10-06,solana,0.2,100.0,28.67
2025-10-06,sui,0.2,72.87,18.09
2025-10-06,tezos,0.2,98.7,28.97
2025-10-06,avalanche,0.25,100.0,27.49
2025-10-06,celestia,0.25,61.73,22.9
2025-10-06,cosmoshub,0.25,84.65,27.9
2025-10-06,injective,0.25,26.86,21.51
2025-10-06,near,0.25,95.48,27.55
2025-10-06,osmosis,0.25,57.45,21.86
2025-10-06,sei,0.25,16.02,16.58
2025-10-06,solana,0.25,100.0,28.52
2025-10-06,sui,0.25,53.3,17.47
2025-10-06,tezos,0.25,89.92,28.78
2025-10-06,avalanche,0.3,99.87,27.36
2025-10-06,celestia,0.3,35.38,22.3
2025-10-06,cosmoshub,0.3,68.34,27.67
2025-10-06,injective,0.3,10.59,21.12
2025-10-06,near,0.3,87.89,27.48
2025-10-06,osmosis,0.3,35.28,21.18
2025-10-06,sei,0.3,7.35,16.02
2025-10-06,solana,0.3,99.92,28.27
2025-10-06,sui,0.3,31.8,16.98
2025-10-06,tezos,0.3,63.16,28.63
2025-10-06,avalanche,0.33,97.52,27.24
2025-10-06,celestia,0.33,23.88,21.9
2025-10-06,cosmoshub,0.33,45.64,27.46
2025-10-06,injective,0.33,10.59,21.12
2025-10-06,near,0.33,74.27,27.39
2025-10-06,osmosis,0.33,13.07,20.62
2025-10-06,sei,0.33,1.37,15.46
2025-10-06,solana,0.33,98.98,28.13
2025-10-06,sui,0.33,16.74,16.69
2025-10-06,tezos,0.33,63.16,28.63
2025-10-07,avalanche,0.2,100.0,27.78
2025-10-07,celestia,0.2,74.01,23.2
2025-10-07,cosmoshub,0.2,93.94,28.19
2025-10-07,injective,0.2,45.1,21.99
2025-10-07,near,0.2,99.66,27.72
2025-10-07,osmosis,0.2,77.45,22.72
2025-10-07,sei,0.2,26.86,17.12
2025-10-07,solana,0.2,100.0,28.67
2025-10-07,sui,0.2,72.85,18.09
2025-10-07,tezos,0.2,98.73,28.97
2025-10-07,avalanche,0.25,100.0,27.63
2025-10-07,celestia,0.25,61.54,22.92
2025-10-07,cosmoshub,0.25,84.63,27.91
2025-10-07,injective,0.25,26.65,21.54
2025-10-07,near,0.25,95.16,27.55
2025-10-07,osmosis,0.25,57.56,21.85
2025-10-07,sei,0.25,15.86,16.63
2025-10-07,solana,0.25,100.0,28.52
2025-10-07,sui,0.25,53.28,17.48
2025-10-07,tezos,0.25,90.04,28.79
2025-10-07,avalanche,0.3,99.82,27.52
2025-10-07,celestia,0.3,35.84,22.28
2025-10-07,cosmoshub,0.3,68.28,27.67
2025-10-07,injective,0.3,10.36,21.14
2025-10-07,near,0.3,87.15,27.48
2025-10-07,osmosis,0.3,35.4,21.18
2025-10-07,sei,0.3,7.16,16.07
2025-10-07,solana,0.3,99.9,28.27
2025-10-07,sui,0.3,31.8,16.98
2025-10-07,tezos,0.3,63.28,28.63
2025-10-07,avalanche,0.33,98.0,27.43
2025-10-07,celestia,0.33,24.47,21.87
2025-10-07,cosmoshub,0.33,45.45,27.46
2025-10-07,injective,0.33,10.36,21.14
2025-10-07,near,0.33,72.9,27.39
2025-10-07,osmosis,0.33,13.18,20.61
2025-10-07,sei,0.33,1.2,15.56
2025-10-07,solana,0.33,98.67,28.13
2025-10-07,sui,0.33,16.74,16.69
2025-10-07,tezos,0.33,63.28,28.63
2025-10-08,avalanche,0.2,100.0,27.63
2025-10-08,celestia,0.2,74.03,23.19
2025-10-08,cosmoshub,0.2,93.94,28.19
2025-10-08,injective,0.2,45.08,21.99
2025-10-08,near,0.2,99.66,27.68
2025-10-08,osmosis,0.2,77.34,22.74
2025-10-08,sei,0.2,26.71,17.18
2025-10-08,solana,0.2,100.0,28.67
2025-10-08,sui,0.2,72.85,18.09
2025-10-08,tezos,0.2,98.74,28.97
2025-10-08,avalanche,0.25,100.0,27.5
2025-10-08,celestia,0.25,61.54,22.92
2025-10-08,cosmoshub,0.25,84.61,27.91
2025-10-08,injective,0.25,26.64,21.54
2025-10-08,near,0.25,95.19,27.51
2025-10-08,osmosis,0.25,57.6,21.85
2025-10-08,sei,0.25,15.7,16.68
2025-10-08,solana,0.25,100.0,28.51
2025-10-08,sui,0.25,53.25,17.48
2025-10-08,tezos,0.25,90.11,28.79
2025-10-08,avalanche,0.3,99.75,27.34
2025-10-08,celestia,0.3,36.44,22.24
2025-10-08,cosmoshub,0.3,68.16,27.67
2025-10-08,injective,0.3,10.34,21.15
2025-10-08,near,0.3,87.35,27.44
2025-10-08,osmosis,0.3,35.59,21.16
2025-10-08,sei,0.3,6.32,16.31
2025-10-08,solana,0.3,99.9,28.26
2025-10-08,sui,0.3,31.76,16.98
2025-10-08,tezos,0.3,63.03,28.63
2025-10-08,avalanche,0.33,97.66,27.25
2025-10-08,celestia,0.33,25.11,21.83
2025-10-08,cosmoshub,0.33,45.22,27.46
2025-10-08,injective,0.33,10.34,21.15
2025-10-08,near,0.33,73.46,27.34
2025-10-08,osmosis,0.33,13.54,20.58
2025-10-08,sei,0.33,0.56,16.01
2025-10-08,solana,0.33,98.7,28.13
2025-10-08,sui,0.33,16.7,16.69
2025-10-08,tezos,0.33,63.03,28.63
2025-10-09,avalanche,0.2,100.0,27.62
2025-10-09,celestia,0.2,73.97,23.2
2025-10-09,cosmoshub,0.2,93.93,28.19
2025-10-09,injective,0.2,45.09,21.99
2025-10-09,near,0.2,99.67,27.71
2025-10-09,osmosis,0.2,77.3,22.74
2025-10-09,sei,0.2,26.73,17.18
2025-10-09,solana,0.2,100.0,28.65
2025-10-09,sui,0.2,72.71,18.14
2025-10-09,tezos,0.2,98.73,28.98
2025-10-09,avalanche,0.25,100.0,27.49
2025-10-09,celestia,0.25,61.46,22.93
2025-10-09,cosmoshub,0.25,84.57,27.91
2025-10-09,injective,0.25,26.65,21.54
2025-10-09,near,0.25,95.3,27.54
2025-10-09,osmosis,0.25,57.54,21.85
2025-10-09,sei,0.25,15.69,16.69
2025-10-09,solana,0.25,100.0,28.51
2025-10-09,sui,0.25,53.04,17.52
2025-10-09,tezos,0.25,90.03,28.79
2025-10-09,avalanche,0.3,99.76,27.33
2025-10-09,celestia,0.3,36.85,22.21
2025-10-09,cosmoshub,0.3,68.04,27.67
2025-10-09,injective,0.3,10.36,21.14
2025-10-09,near,0.3,87.54,27.47
2025-10-09,osmosis,0.3,35.54,21.16
2025-10-09,sei,0.3,6.31,16.32
2025-10-09,solana,0.3,99.9,28.26
2025-10-09,sui,0.3,31.49,17.02
2025-10-09,tezos,0.3,62.77,28.64
2025-10-09,avalanche,0.33,97.78,27.25
2025-10-09,celestia,0.33,14.97,21.44
2025-10-09,cosmoshub,0.33,45.06,27.46
2025-10-09,injective,0.33,10.36,21.14
2025-10-09,near,0.33,73.68,27.38
2025-10-09,osmosis,0.33,13.52,20.58
2025-10-09,sei,0.33,0.55,16.01
2025-10-09,solana,0.33,98.74,28.12
2025-10-09,sui,0.33,16.37,16.72
2025-10-09,tezos,0.33,62.77,28.64
2025-10-10,avalanche,0.2,100.0,27.67
2025-10-10,celestia,0.2,74.04,23.19
2025-10-10,cosmoshub,0.2,98.6,28.52
2025-10-10,injective,0.2,47.36,21.62
2025-10-10,near,0.2,99.71,27.74
2025-10-10,osmosis,0.2,76.96,22.8
2025-10-10,sei,0.2,26.83,17.14
2025-10-10,solana,0.2,100.0,28.65
2025-10-10,sui,0.2,72.74,18.13
2025-10-10,tezos,0.2,98.66,28.97
2025-10-10,avalanche,0.25,100.0,27.53
2025-10-10,celestia,0.25,61.51,22.92
2025-10-10,cosmoshub,0.25,84.16,27.92
2025-10-10,injective,0.25,28.85,21.25
2025-10-10,near,0.25,95.58,27.58
2025-10-10,osmosis,0.25,57.02,21.9
2025-10-10,sei,0.25,15.81,16.65
2025-10-10,solana,0.25,100.0,28.51
2025-10-10,sui,0.25,53.1,17.51
2025-10-10,tezos,0.25,89.72,28.78
2025-10-10,avalanche,0.3,99.89,27.42
2025-10-10,celestia,0.3,37.96,22.14
2025-10-10,cosmoshub,0.3,68.69,27.66
2025-10-10,injective,0.3,12.44,20.91
2025-10-10,near,0.3,87.96,27.51
2025-10-10,osmosis,0.3,34.73,21.22
2025-10-10,sei,0.3,6.46,16.27
2025-10-10,solana,0.3,99.9,28.26
2025-10-10,sui,0.3,31.56,17.01
2025-10-10,tezos,0.3,62.17,28.63
2025-10-10,avalanche,0.33,98.68,27.35
2025-10-10,celestia,0.33,16.0,21.38
2025-10-10,cosmoshub,0.33,46.08,27.45
2025-10-10,injective,0.33,12.44,20.91
2025-10-10,near,0.33,74.3,27.42
2025-10-10,osmosis,0.33,23.1,20.93
2025-10-10,sei,0.33,0.6,15.97
2025-10-10,solana,0.33,98.78,28.12
2025-10-10,sui,0.33,16.45,16.72
2025-10-10,tezos,0.33,62.17,28.63
2025-10-11,avalanche,0.2,100.0,27.65
2025-10-11,celestia,0.2,74.01,23.2
2025-10-11,cosmoshub,0.2,98.55,28.53
2025-10-11,injective,0.2,47.35,21.62
2025-10-11,near,0.2,99.73,27.75
2025-10-11,osmosis,0.2,76.76,22.83
2025-10-11,sei,0.2,26.8,17.15
2025-10-11,solana,0.2,100.0,28.65
2025-10-11,sui,0.2,72.8,18.11
2025-10-11,tezos,0.2,99.46,29.13
2025-10-11,avalanche,0.25,100.0,27.51
2025-10-11,celestia,0.25,61.99,22.88
2025-10-11,cosmoshub,0.25,93.63,28.21
2025-10-11,injective,0.25,28.89,21.24
2025-10-11,near,0.25,95.72,27.59
2025-10-11,osmosis,0.25,56.7,21.94
2025-10-11,sei,0.25,15.78,16.66
2025-10-11,solana,0.25,100.0,28.51
2025-10-11,sui,0.25,53.17,17.5
2025-10-11,tezos,0.25,93.7,28.98
2025-10-11,avalanche,0.3,99.77,27.38
2025-10-11,celestia,0.3,38.65,22.1
2025-10-11,cosmoshub,0.3,68.07,27.67
2025-10-11,injective,0.3,12.55,20.9
2025-10-11,near,0.3,88.25,27.53
2025-10-11,osmosis,0.3,34.28,21.26
2025-10-11,sei,0.3,6.43,16.28
2025-10-11,solana,0.3,99.9,28.26
2025-10-11,sui,0.3,31.7,16.99
2025-10-11,tezos,0.3,69.65,28.85
2025-10-11,avalanche,0.33,97.53,27.31
2025-10-11,celestia,0.33,16.64,21.34
2025-10-11,cosmoshub,0.33,45.4,27.46
2025-10-11,injective,0.33,3.21,20.28
2025-10-11,near,0.33,74.72,27.44
2025-10-11,osmosis,0.33,22.57,20.96
2025-10-11,sei,0.33,0.59,15.98
2025-10-11,solana,0.33,98.78,28.12
2025-10-11,sui,0.33,16.61,16.7
2025-10-11,tezos,0.33,69.65,28.85
2025-10-12,avalanche,0.2,100.0,27.64
2025-10-12,celestia,0.2,73.98,23.2
2025-10-12,cosmoshub,0.2,98.58,28.53
2025-10-12,injective,0.2,47.35,21.62
2025-10-12,near,0.2,99.73,27.75
2025-10-12,osmosis,0.2,76.87,22.81
2025-10-12,sei,0.2,26.71,17.19
2025-10-12,solana,0.2,100.0,28.65
2025-10-12,sui,0.2,72.92,18.07
2025-10-12,tezos,0.2,99.46,29.14
2025-10-12,avalanche,0.25,100.0,27.49
2025-10-12,celestia,0.25,61.94,22.88
2025-10-12,cosmoshub,0.25,93.73,28.2
2025-10-12,injective,0.25,28.9,21.24
2025-10-12,near,0.25,95.78,27.59
2025-10-12,osmosis,0.25,57.15,21.89
2025-10-12,sei,0.25,15.66,16.7
2025-10-12,solana,0.25,100.0,28.51
2025-10-12,sui,0.25,53.38,17.46
2025-10-12,tezos,0.25,93.75,28.98
2025-10-12,avalanche,0.3,99.75,27.36
2025-10-12,celestia,0.3,38.56,22.1
2025-10-12,cosmoshub,0.3,68.35,27.67
2025-10-12,injective,0.3,12.56,20.9
2025-10-12,near,0.3,88.39,27.52
2025-10-12,osmosis,0.3,35.15,21.19
2025-10-12,sei,0.3,6.27,16.33
2025-10-12,solana,0.3,99.96,28.31
2025-10-12,sui,0.3,32.01,16.95
2025-10-12,tezos,0.3,69.92,28.85
2025-10-12,avalanche,0.33,97.39,27.29
2025-10-12,celestia,0.33,16.47,21.35
2025-10-12,cosmoshub,0.33,45.3,27.46
2025-10-12,injective,0.33,3.21,20.28
2025-10-12,near,0.33,74.99,27.44
2025-10-12,osmosis,0.33,13.07,20.62
2025-10-12,sei,0.33,0.54,16.02
2025-10-12,solana,0.33,98.56,28.12
2025-10-12,sui,0.33,16.98,16.66
2025-10-12,tezos,0.33,69.92,28.85
2025-10-13,avalanche,0.2,100.0,27.63
2025-10-13,celestia,0.2,73.99,23.2
2025-10-13,cosmoshub,0.2,98.62,28.52
2025-10-13,injective,0.2,47.35,21.62
2025-10-13,near,0.2,99.76,27.78
2025-10-13,osmosis,0.2,76.92,22.8
2025-10-13,sei,0.2,26.71,17.19
2025-10-13,solana,0.2,100.0,28.64
2025-10-13,sui,0.2,72.65,17.98
2025-10-13,tezos,0.2,99.46,29.14
2025-10-13,avalanche,0.25,100.0,27.48
2025-10-13,celestia,0.25,61.95,22.88
2025-10-13,cosmoshub,0.25,84.24,27.91
2025-10-13,injective,0.25,28.88,21.24
2025-10-13,near,0.25,96.03,27.62
2025-10-13,osmosis,0.25,57.23,21.88
2025-10-13,sei,0.25,15.66,16.7
2025-10-13,solana,0.25,100.0,28.5
2025-10-13,sui,0.25,53.06,17.36
2025-10-13,tezos,0.25,93.01,28.99
2025-10-13,avalanche,0.3,99.74,27.35
2025-10-13,celestia,0.3,38.58,22.1
2025-10-13,cosmoshub,0.3,68.57,27.67
2025-10-13,injective,0.3,12.54,20.9
2025-10-13,near,0.3,88.88,27.55
2025-10-13,osmosis,0.3,35.25,21.19
2025-10-13,sei,0.3,6.28,16.33
2025-10-13,solana,0.3,99.92,28.25
2025-10-13,sui,0.3,31.7,16.85
2025-10-13,tezos,0.3,60.86,28.89
2025-10-13,avalanche,0.33,97.32,27.28
2025-10-13,celestia,0.33,16.51,21.34
2025-10-13,cosmoshub,0.33,45.54,27.46
2025-10-13,injective,0.33,3.2,20.29
2025-10-13,near,0.33,75.73,27.47
2025-10-13,osmosis,0.33,13.17,20.61
2025-10-13,sei,0.33,0.54,16.02
2025-10-13,solana,0.33,98.95,28.11
2025-10-13,sui,0.33,16.72,16.56
2025-10-13,tezos,0.33,60.86,28.89
2025-10-14,avalanche,0.2,100.0,27.62
2025-10-14,celestia,0.2,74.04,23.19
2025-10-14,cosmoshub,0.2,98.65,28.52
2025-10-14,injective,0.2,47.36,21.62
2025-10-14,near,0.2,99.74,27.79
2025-10-14,osmosis,0.2,77.24,22.75
2025-10-14,sei,0.2,26.7,17.19
2025-10-14,solana,0.2,100.0,28.64
2025-10-14,sui,0.2,72.7,17.96
2025-10-14,tezos,0.2,99.49,29.14
2025-10-14,avalanche,0.25,100.0,27.48
2025-10-14,celestia,0.25,62.02,22.88
2025-10-14,cosmoshub,0.25,84.33,27.91
2025-10-14,injective,0.25,28.89,21.24
2025-10-14,near,0.25,96.02,27.62
2025-10-14,osmosis,0.25,57.75,21.83
2025-10-14,sei,0.25,15.66,16.7
2025-10-14,solana,0.25,100.0,28.5
2025-10-14,sui,0.25,53.13,17.35
2025-10-14,tezos,0.25,93.2,28.99
2025-10-14,avalanche,0.3,99.74,27.35
2025-10-14,celestia,0.3,39.02,22.07
2025-10-14,cosmoshub,0.3,68.68,27.66
2025-10-14,injective,0.3,12.56,20.9
2025-10-14,near,0.3,89.02,27.55
2025-10-14,osmosis,0.3,36.03,21.13
2025-10-14,sei,0.3,6.27,16.33
2025-10-14,solana,0.3,99.92,28.25
2025-10-14,sui,0.3,31.8,16.83
2025-10-14,tezos,0.3,61.51,28.89
2025-10-14,avalanche,0.33,97.3,27.28
2025-10-14,celestia,0.33,17.2,21.3
2025-10-14,cosmoshub,0.33,45.56,27.46
2025-10-14,injective,0.33,3.21,20.28
2025-10-14,near,0.33,75.84,27.47
2025-10-14,osmosis,0.33,13.97,20.55
2025-10-14,sei,0.33,0.54,16.02
2025-10-14,solana,0.33,98.97,28.12
2025-10-14,sui,0.33,16.85,16.55
2025-10-14,tezos,0.33,61.51,28.89
2025-10-15,avalanche,0.2,100.0,27.62
2025-10-15,celestia,0.2,73.86,23.21
2025-10-15,cosmoshub,0.2,98.29,28.57
2025-10-15,injective,0.2,47.21,21.65
2025-10-15,near,0.2,99.73,27.78
2025-10-15,osmosis,0.2,77.31,22.74
2025-10-15,sei,0.2,26.68,17.2
2025-10-15,solana,0.2,100.0,28.63
2025-10-15,sui,0.2,72.7,17.96
2025-10-15,tezos,0.2,98.75,28.97
2025-10-15,avalanche,0.25,100.0,27.47
2025-10-15,celestia,0.25,62.43,22.84
2025-10-15,cosmoshub,0.25,92.83,28.24
2025-10-15,injective,0.25,28.76,21.26
2025-10-15,near,0.25,95.94,27.61
2025-10-15,osmosis,0.25,57.85,21.82
2025-10-15,sei,0.25,15.66,16.7
2025-10-15,solana,0.25,100.0,28.48
2025-10-15,sui,0.25,53.13,17.35
2025-10-15,tezos,0.25,89.19,28.8
2025-10-15,avalanche,0.3,99.77,27.35
2025-10-15,celestia,0.3,39.78,22.02
2025-10-15,cosmoshub,0.3,65.02,27.71
2025-10-15,injective,0.3,12.43,20.92
2025-10-15,near,0.3,88.95,27.54
2025-10-15,osmosis,0.3,36.29,21.11
2025-10-15,sei,0.3,6.28,16.32
2025-10-15,solana,0.3,99.92,28.24
2025-10-15,sui,0.3,31.8,16.83
2025-10-15,tezos,0.3,54.09,28.68
2025-10-15,avalanche,0.33,97.55,27.28
2025-10-15,celestia,0.33,17.92,21.25
2025-10-15,cosmoshub,0.33,41.25,27.5
2025-10-15,injective,0.33,12.43,20.92
2025-10-15,near,0.33,75.79,27.45
2025-10-15,osmosis,0.33,14.25,20.53
2025-10-15,sei,0.33,0.54,16.02
2025-10-15,solana,0.33,98.95,28.11
2025-10-15,sui,0.33,16.85,16.55
2025-10-15,tezos,0.33,54.09,28.68
2025-10-16,avalanche,0.2,100.0,27.53
2025-10-16,celestia,0.2,73.67,23.24
2025-10-16,cosmoshub,0.2,98.26,28.57
2025-10-16,injective,0.2,47.24,21.64
2025-10-16,near,0.2,99.8,27.83
2025-10-16,osmosis,0.2,77.3,22.74
2025-10-16,sei,0.2,27.34,16.92
2025-10-16,solana,0.2,100.0,28.63
2025-10-16,sui,0.2,72.63,17.98
2025-10-16,tezos,0.2,97.9,29.02
2025-10-16,avalanche,0.25,100.0,27.4
2025-10-16,celestia,0.25,51.76,22.37
2025-10-16,cosmoshub,0.25,92.72,28.24
2025-10-16,injective,0.25,28.8,21.26
2025-10-16,near,0.25,96.69,27.66
2025-10-16,osmosis,0.25,57.81,21.82
2025-10-16,sei,0.25,16.51,16.4
2025-10-16,solana,0.25,100.0,28.48
2025-10-16,sui,0.25,53.01,17.37
2025-10-16,tezos,0.25,83.02,28.86
2025-10-16,avalanche,0.3,99.79,27.27
2025-10-16,celestia,0.3,29.69,21.56
2025-10-16,cosmoshub,0.3,64.65,27.71
2025-10-16,injective,0.3,12.48,20.91
2025-10-16,near,0.3,90.66,27.59
2025-10-16,osmosis,0.3,36.24,21.11
2025-10-16,sei,0.3,7.33,16.02
2025-10-16,solana,0.3,99.93,28.24
2025-10-16,sui,0.3,31.63,16.86
2025-10-16,tezos,0.3,83.02,28.86
2025-10-16,avalanche,0.33,97.86,27.2
2025-10-16,celestia,0.33,18.84,21.19
2025-10-16,cosmoshub,0.33,41.01,27.5
2025-10-16,injective,0.33,12.48,20.91
2025-10-16,near,0.33,78.94,27.51
2025-10-16,osmosis,0.33,14.15,20.53
2025-10-16,sei,0.33,0.96,15.71
2025-10-16,solana,0.33,98.98,28.11
2025-10-16,sui,0.33,16.64,16.57
2025-10-16,tezos,0.33,45.43,28.71
2025-10-17,avalanche,0.2,100.0,27.53
2025-10-17,celestia,0.2,73.48,23.26
2025-10-17,cosmoshub,0.2,98.23,28.57
2025-10-17,injective,0.2,47.24,21.64
2025-10-17,near,0.2,99.83,27.84
2025-10-17,osmosis,0.2,77.31,22.74
2025-10-17,sei,0.2,27.34,16.91
2025-10-17,solana,0.2,100.0,28.64
2025-10-17,sui,0.2,72.61,17.99
2025-10-17,tezos,0.2,99.15,29.19
2025-10-17,avalanche,0.25,100.0,27.42
2025-10-17,celestia,0.25,52.18,22.34
2025-10-17,cosmoshub,0.25,92.65,28.25
2025-10-17,injective,0.25,28.8,21.26
2025-10-17,near,0.25,96.99,27.67
2025-10-17,osmosis,0.25,57.84,21.82
2025-10-17,sei,0.25,16.51,16.4
2025-10-17,solana,0.25,100.0,28.5
2025-10-17,sui,0.25,52.93,17.38
2025-10-17,tezos,0.25,88.96,29.06
2025-10-17,avalanche,0.3,99.76,27.3
2025-10-17,celestia,0.3,30.18,21.53
2025-10-17,cosmoshub,0.3,64.2,27.72
2025-10-17,injective,0.3,12.49,20.91
2025-10-17,near,0.3,91.32,27.61
2025-10-17,osmosis,0.3,36.31,21.11
2025-10-17,sei,0.3,7.34,16.02
2025-10-17,solana,0.3,99.91,28.26
2025-10-17,sui,0.3,31.42,16.88
2025-10-17,tezos,0.3,88.96,29.06
2025-10-17,avalanche,0.33,97.51,27.23
2025-10-17,celestia,0.33,19.3,21.17
2025-10-17,cosmoshub,0.33,40.39,27.51
2025-10-17,injective,0.33,12.49,20.91
2025-10-17,near,0.33,80.18,27.52
2025-10-17,osmosis,0.33,14.22,20.53
2025-10-17,sei,0.33,0.96,15.71
2025-10-17,solana,0.33,98.8,28.12
2025-10-17,sui,0.33,16.32,16.6
2025-10-17,tezos,0.33,53.46,28.94
2025-10-18,avalanche,0.2,100.0,27.58
2025-10-18,celestia,0.2,72.92,23.33
2025-10-18,cosmoshub,0.2,98.2,28.58
2025-10-18,injective,0.2,47.35,21.62
2025-10-18,near,0.2,99.82,27.87
2025-10-18,osmosis,0.2,77.34,22.74
2025-10-18,sei,0.2,27.33,16.92
2025-10-18,solana,0.2,100.0,28.64
2025-10-18,sui,0.2,72.89,18.08
2025-10-18,tezos,0.2,99.13,29.2
2025-10-18,avalanche,0.25,100.0,27.45
2025-10-18,celestia,0.25,62.55,22.83
2025-10-18,cosmoshub,0.25,92.54,28.25
2025-10-18,injective,0.25,28.92,21.24
2025-10-18,near,0.25,96.85,27.7
2025-10-18,osmosis,0.25,57.88,21.82
2025-10-18,sei,0.25,16.5,16.4
2025-10-18,solana,0.25,100.0,28.5
2025-10-18,sui,0.25,53.25,17.48
2025-10-18,tezos,0.25,88.8,29.06
2025-10-18,avalanche,0.3,99.86,27.35
2025-10-18,celestia,0.3,40.04,22.01
2025-10-18,cosmoshub,0.3,63.73,27.72
2025-10-18,injective,0.3,12.6,20.9
2025-10-18,near,0.3,90.88,27.63
2025-10-18,osmosis,0.3,36.35,21.1
2025-10-18,sei,0.3,7.32,16.02
2025-10-18,solana,0.3,99.91,28.25
2025-10-18,sui,0.3,31.73,16.99
2025-10-18,tezos,0.3,88.8,29.06
2025-10-18,avalanche,0.33,98.42,27.28
2025-10-18,celestia,0.33,19.54,21.15
2025-10-18,cosmoshub,0.33,39.6,27.52
2025-10-18,injective,0.33,3.22,20.28
2025-10-18,near,0.33,79.16,27.55
2025-10-18,osmosis,0.33,14.26,20.53
2025-10-18,sei,0.33,0.95,15.71
2025-10-18,solana,0.33,98.83,28.12
2025-10-18,sui,0.33,16.53,16.71
2025-10-18,tezos,0.33,53.05,28.94
2025-10-19,avalanche,0.2,100.0,27.58
2025-10-19,celestia,0.2,72.86,23.33
2025-10-19,cosmoshub,0.2,98.2,28.58
2025-10-19,injective,0.2,47.37,21.62
2025-10-19,near,0.2,99.83,27.87
2025-10-19,osmosis,0.2,77.38,22.73
2025-10-19,sei,0.2,27.34,16.91
2025-10-19,solana,0.2,100.0,28.63
2025-10-19,sui,0.2,72.89,18.08
2025-10-19,tezos,0.2,99.07,29.19
2025-10-19,avalanche,0.25,100.0,27.45
2025-10-19,celestia,0.25,62.58,22.83
2025-10-19,cosmoshub,0.25,92.54,28.25
2025-10-19,injective,0.25,28.95,21.23
2025-10-19,near,0.25,96.97,27.7
2025-10-19,osmosis,0.25,57.9,21.81
2025-10-19,sei,0.25,16.46,16.42
2025-10-19,solana,0.25,100.0,28.48
2025-10-19,sui,0.25,53.25,17.48
2025-10-19,tezos,0.25,88.21,29.06
2025-10-19,avalanche,0.3,99.84,27.35
2025-10-19,celestia,0.3,30.06,21.54
2025-10-19,cosmoshub,0.3,63.61,27.72
2025-10-19,injective,0.3,12.65,20.89
2025-10-19,near,0.3,91.14,27.64
2025-10-19,osmosis,0.3,36.4,21.1
2025-10-19,sei,0.3,7.29,16.03
2025-10-19,solana,0.3,99.93,28.22
2025-10-19,sui,0.3,31.73,16.99
2025-10-19,tezos,0.3,88.21,29.06
2025-10-19,avalanche,0.33,98.15,27.28
2025-10-19,celestia,0.33,20.28,21.1
2025-10-19,cosmoshub,0.33,39.46,27.52
2025-10-19,injective,0.33,3.24,20.28
2025-10-19,near,0.33,79.64,27.56
2025-10-19,osmosis,0.33,14.31,20.52
2025-10-19,sei,0.33,0.94,15.72
2025-10-19,solana,0.33,99.11,28.09
2025-10-19,sui,0.33,16.53,16.71
2025-10-19,tezos,0.33,51.56,28.94
2025-10-20,avalanche,0.2,100.0,27.46
2025-10-20,celestia,0.2,72.81,23.34
2025-10-20,cosmoshub,0.2,98.22,28.58
2025-10-20,injective,0.2,47.62,21.57
2025-10-20,near,0.2,99.82,27.86
2025-10-20,osmosis,0.2,77.36,22.73
2025-10-20,sei,0.2,27.34,16.91
2025-10-20,solana,0.2,100.0,28.63
2025-10-20,sui,0.2,72.85,18.09
2025-10-20,tezos,0.2,99.07,29.19
2025-10-20,avalanche,0.25,100.0,27.36
2025-10-20,celestia,0.25,62.51,22.83
2025-10-20,cosmoshub,0.25,92.58,28.25
2025-10-20,injective,0.25,29.19,21.2
2025-10-20,near,0.25,96.89,27.7
2025-10-20,osmosis,0.25,57.84,21.82
2025-10-20,sei,0.25,16.46,16.42
2025-10-20,solana,0.25,100.0,28.48
2025-10-20,sui,0.25,53.2,17.49
2025-10-20,tezos,0.25,88.24,29.06
2025-10-20,avalanche,0.3,99.67,27.23
2025-10-20,celestia,0.3,29.95,21.55
2025-10-20,cosmoshub,0.3,63.75,27.72
2025-10-20,injective,0.3,12.88,20.86
2025-10-20,near,0.3,90.96,27.63
2025-10-20,osmosis,0.3,36.32,21.11
2025-10-20,sei,0.3,7.29,16.03
2025-10-20,solana,0.3,99.93,28.22
2025-10-20,sui,0.3,31.66,16.99
2025-10-20,tezos,0.3,88.24,29.06
2025-10-20,avalanche,0.33,96.89,27.16
2025-10-20,celestia,0.33,20.19,21.11
2025-10-20,cosmoshub,0.33,39.53,27.52
2025-10-20,injective,0.33,3.36,20.25
2025-10-20,near,0.33,79.37,27.55
2025-10-20,osmosis,0.33,14.24,20.53
2025-10-20,sei,0.33,0.94,15.72
2025-10-20,solana,0.33,99.1,28.09
2025-10-20,sui,0.33,16.45,16.72
2025-10-20,tezos,0.33,51.62,28.94
2025-10-21,avalanche,0.2,100.0,27.49
2025-10-21,celestia,0.2,74.25,23.17
2025-10-21,cosmoshub,0.2,98.17,28.58
2025-10-21,injective,0.2,47.56,21.58
2025-10-21,near,0.2,99.83,27.87
2025-10-21,osmosis,0.2,77.63,22.69
2025-10-21,sei,0.2,27.35,16.91
2025-10-21,solana,0.2,100.0,28.62
2025-10-21,sui,0.2,72.89,18.08
2025-10-21,tezos,0.2,97.75,29.02
2025-10-21,avalanche,0.25,100.0,27.4
2025-10-21,celestia,0.25,53.66,22.22
2025-10-21,cosmoshub,0.25,92.43,28.26
2025-10-21,injective,0.25,29.15,21.21
2025-10-21,near,0.25,96.93,27.71
2025-10-21,osmosis,0.25,58.28,21.77
2025-10-21,sei,0.25,16.5,16.4
2025-10-21,solana,0.25,100.0,28.47
2025-10-21,sui,0.25,53.25,17.48
2025-10-21,tezos,0.25,82.12,28.86
2025-10-21,avalanche,0.3,99.66,27.27
2025-10-21,celestia,0.3,31.96,21.42
2025-10-21,cosmoshub,0.3,63.23,27.73
2025-10-21,injective,0.3,12.84,20.87
2025-10-21,near,0.3,90.99,27.64
2025-10-21,osmosis,0.3,37.0,21.05
2025-10-21,sei,0.3,7.33,16.02
2025-10-21,solana,0.3,99.92,28.22
2025-10-21,sui,0.3,31.73,16.99
2025-10-21,tezos,0.3,82.12,28.86
2025-10-21,avalanche,0.33,96.78,27.2
2025-10-21,celestia,0.33,22.18,20.99
2025-10-21,cosmoshub,0.33,63.23,27.73
2025-10-21,injective,0.33,3.34,20.25
2025-10-21,near,0.33,79.3,27.56
2025-10-21,osmosis,0.33,14.98,20.47
2025-10-21,sei,0.33,0.96,15.71
2025-10-21,solana,0.33,99.02,28.08
2025-10-21,sui,0.33,16.53,16.71
2025-10-21,tezos,0.33,43.55,28.71
2025-10-22,avalanche,0.2,100.0,27.5
2025-10-22,celestia,0.2,74.26,23.17
2025-10-22,cosmoshub,0.2,98.15,28.58
2025-10-22,injective,0.2,45.27,21.96
2025-10-22,near,0.2,99.82,27.93
2025-10-22,osmosis,0.2,77.7,22.68
2025-10-22,sei,0.2,27.31,16.93
2025-10-22,solana,0.2,100.0,28.62
2025-10-22,sui,0.2,73.97,18.14
2025-10-22,tezos,0.2,97.76,29.02
2025-10-22,avalanche,0.25,100.0,27.4
2025-10-22,celestia,0.25,54.19,22.17
2025-10-22,cosmoshub,0.25,92.35,28.26
2025-10-22,injective,0.25,26.93,21.5
2025-10-22,near,0.25,96.75,27.77
2025-10-22,osmosis,0.25,58.36,21.77
2025-10-22,sei,0.25,16.49,16.41
2025-10-22,solana,0.25,100.0,28.47
2025-10-22,sui,0.25,54.51,17.54
2025-10-22,tezos,0.25,82.2,28.86
2025-10-22,avalanche,0.3,99.71,27.28
2025-10-22,celestia,0.3,33.81,21.29
2025-10-22,cosmoshub,0.3,62.84,27.73
2025-10-22,injective,0.3,10.69,21.11
2025-10-22,near,0.3,90.36,27.7
2025-10-22,osmosis,0.3,37.13,21.04
2025-10-22,sei,0.3,7.39,16.0
2025-10-22,solana,0.3,99.92,28.22
2025-10-22,sui,0.3,32.97,17.04
2025-10-22,tezos,0.3,82.2,28.86
2025-10-22,avalanche,0.33,97.21,27.2
2025-10-22,celestia,0.33,15.21,20.45
2025-10-22,cosmoshub,0.33,62.84,27.73
2025-10-22,injective,0.33,10.69,21.11
2025-10-22,near,0.33,77.64,27.62
2025-10-22,osmosis,0.33,15.14,20.46
2025-10-22,sei,0.33,1.0,15.68
2025-10-22,solana,0.33,99.0,28.08
2025-10-22,sui,0.33,17.65,16.76
2025-10-22,tezos,0.33,43.74,28.71
2025-10-23,avalanche,0.2,100.0,27.54
2025-10-23,celestia,0.2,73.76,23.23
2025-10-23,cosmoshub,0.2,98.14,28.58
2025-10-23,injective,0.2,45.12,21.99
2025-10-23,near,0.2,99.83,27.94
2025-10-23,osmosis,0.2,77.29,22.75
2025-10-23,sei,0.2,28.93,16.1
2025-10-23,solana,0.2,100.0,28.62
2025-10-23,sui,0.2,73.93,18.15
2025-10-23,tezos,0.2,97.76,29.02
2025-10-23,avalanche,0.25,100.0,27.45
2025-10-23,celestia,0.25,53.39,22.24
2025-10-23,cosmoshub,0.25,92.32,28.26
2025-10-23,injective,0.25,26.74,21.52
2025-10-23,near,0.25,96.8,27.78
2025-10-23,osmosis,0.25,57.75,21.83
2025-10-23,sei,0.25,18.18,15.72
2025-10-23,solana,0.25,100.0,28.48
2025-10-23,sui,0.25,54.46,17.55
2025-10-23,tezos,0.25,82.18,28.86
2025-10-23,avalanche,0.3,99.85,27.35
2025-10-23,celestia,0.3,32.8,21.36
2025-10-23,cosmoshub,0.3,62.8,27.73
2025-10-23,injective,0.3,10.46,21.13
2025-10-23,near,0.3,90.44,27.72
2025-10-23,osmosis,0.3,36.62,21.08
2025-10-23,sei,0.3,9.11,15.44
2025-10-23,solana,0.3,99.87,28.24
2025-10-23,sui,0.3,32.89,17.05
2025-10-23,tezos,0.3,82.18,28.86
2025-10-23,avalanche,0.33,98.35,27.27
2025-10-23,celestia,0.33,23.05,20.93
2025-10-23,cosmoshub,0.33,62.8,27.73
2025-10-23,injective,0.33,10.46,21.13
2025-10-23,near,0.33,77.68,27.64
2025-10-23,osmosis,0.33,15.09,20.46
2025-10-23,sei,0.33,2.06,15.1
2025-10-23,solana,0.33,99.2,28.15
2025-10-23,sui,0.33,17.57,16.77
2025-10-23,tezos,0.33,43.44,28.71
2025-10-24,avalanche,0.2,100.0,27.5
2025-10-24,celestia,0.2,73.79,23.22
2025-10-24,cosmoshub,0.2,98.11,28.59
2025-10-24,injective,0.2,45.24,21.97
2025-10-24,near,0.2,99.84,27.93
2025-10-24,osmosis,0.2,77.18,22.76
2025-10-24,sei,0.2,28.76,16.2
2025-10-24,solana,0.2,100.0,28.61
2025-10-24,sui,0.2,73.97,18.14
2025-10-24,tezos,0.2,97.8,29.02
2025-10-24,avalanche,0.25,100.0,27.41
2025-10-24,celestia,0.25,53.43,22.24
2025-10-24,cosmoshub,0.25,92.27,28.26
2025-10-24,injective,0.25,26.9,21.5
2025-10-24,near,0.25,96.94,27.77
2025-10-24,osmosis,0.25,57.59,21.85
2025-10-24,sei,0.25,18.0,15.8
2025-10-24,solana,0.25,100.0,28.47
2025-10-24,sui,0.25,54.49,17.55
2025-10-24,tezos,0.25,82.49,28.86
2025-10-24,avalanche,0.3,99.75,27.28
2025-10-24,celestia,0.3,32.85,21.36
2025-10-24,cosmoshub,0.3,62.63,27.74
2025-10-24,injective,0.3,10.65,21.11
2025-10-24,near,0.3,90.77,27.71
2025-10-24,osmosis,0.3,36.48,21.09
2025-10-24,sei,0.3,9.3,15.37
2025-10-24,solana,0.3,99.95,28.27
2025-10-24,sui,0.3,32.93,17.04
2025-10-24,tezos,0.3,82.49,28.86
2025-10-24,avalanche,0.33,97.5,27.2
2025-10-24,celestia,0.33,23.1,20.93
2025-10-24,cosmoshub,0.33,62.63,27.74
2025-10-24,injective,0.33,10.65,21.11
2025-10-24,near,0.33,80.21,27.61
2025-10-24,osmosis,0.33,14.96,20.47
2025-10-24,sei,0.33,2.23,15.02
2025-10-24,solana,0.33,99.15,28.14
2025-10-24,sui,0.33,17.61,16.76
2025-10-24,tezos,0.33,44.11,28.72
2025-10-25,avalanche,0.2,100.0,27.56
2025-10-25,celestia,0.2,73.5,23.26
2025-10-25,cosmoshub,0.2,98.08,28.59
2025-10-25,injective,0.2,45.11,21.99
2025-10-25,near,0.2,99.84,27.94
2025-10-25,osmosis,0.2,76.59,22.85
2025-10-25,sei,0.2,28.78,16.19
2025-10-25,solana,0.2,100.0,28.58
2025-10-25,sui,0.2,73.95,18.15
2025-10-25,tezos,0.2,97.8,29.03
2025-10-25,avalanche,0.25,100.0,27.41
2025-10-25,celestia,0.25,53.07,22.27
2025-10-25,cosmoshub,0.25,92.25,28.26
2025-10-25,injective,0.25,26.77,21.52
2025-10-25,near,0.25,96.96,27.79
2025-10-25,osmosis,0.25,56.99,21.91
2025-10-25,sei,0.25,17.95,15.82
2025-10-25,solana,0.25,100.0,28.44
2025-10-25,sui,0.25,54.49,17.55
2025-10-25,tezos,0.25,82.51,28.87
2025-10-25,avalanche,0.3,99.7,27.28
2025-10-25,celestia,0.3,32.44,21.39
2025-10-25,cosmoshub,0.3,62.54,27.74
2025-10-25,injective,0.3,10.5,21.13
2025-10-25,near,0.3,90.63,27.73
2025-10-25,osmosis,0.3,36.01,21.13
2025-10-25,sei,0.3,9.22,15.4
2025-10-25,solana,0.3,99.88,28.19
2025-10-25,sui,0.3,32.93,17.04
2025-10-25,tezos,0.3,82.51,28.87
2025-10-25,avalanche,0.33,97.3,27.2
2025-10-25,celestia,0.33,22.67,20.96
2025-10-25,cosmoshub,0.33,62.54,27.74
2025-10-25,injective,0.33,10.5,21.13
2025-10-25,near,0.33,79.96,27.63
2025-10-25,osmosis,0.33,14.81,20.48
2025-10-25,sei,0.33,2.15,15.06
2025-10-25,solana,0.33,98.41,28.06
2025-10-25,sui,0.33,17.61,16.76
2025-10-25,tezos,0.33,44.22,28.72
2025-10-26,avalanche,0.2,100.0,27.52
2025-10-26,celestia,0.2,73.46,23.26
2025-10-26,cosmoshub,0.2,98.08,28.59
2025-10-26,injective,0.2,45.14,21.98
2025-10-26,near,0.2,99.86,27.96
2025-10-26,osmosis,0.2,76.65,22.84
2025-10-26,sei,0.2,28.78,16.19
2025-10-26,solana,0.2,100.0,28.58
2025-10-26,sui,0.2,73.97,18.14
2025-10-26,tezos,0.2,97.9,29.03
2025-10-26,avalanche,0.25,100.0,27.4
2025-10-26,celestia,0.25,53.22,22.25
2025-10-26,cosmoshub,0.25,92.23,28.26
2025-10-26,injective,0.25,26.79,21.52
2025-10-26,near,0.25,96.96,27.82
2025-10-26,osmosis,0.25,57.09,21.9
2025-10-26,sei,0.25,17.95,15.82
2025-10-26,solana,0.25,100.0,28.44
2025-10-26,sui,0.25,54.51,17.54
2025-10-26,tezos,0.25,82.9,28.87
2025-10-26,avalanche,0.3,99.71,27.27
2025-10-26,celestia,0.3,32.61,21.37
2025-10-26,cosmoshub,0.3,62.42,27.74
2025-10-26,injective,0.3,10.52,21.13
2025-10-26,near,0.3,90.52,27.76
2025-10-26,osmosis,0.3,36.18,21.12
2025-10-26,sei,0.3,9.22,15.4
2025-10-26,solana,0.3,99.88,28.18
2025-10-26,sui,0.3,32.97,17.04
2025-10-26,tezos,0.3,82.9,28.87
2025-10-26,avalanche,0.33,97.57,27.18
2025-10-26,celestia,0.33,22.85,20.95
2025-10-26,cosmoshub,0.33,62.42,27.74
2025-10-26,injective,0.33,10.52,21.13
2025-10-26,near,0.33,79.54,27.66
2025-10-26,osmosis,0.33,15.0,20.47
2025-10-26,sei,0.33,2.15,15.06
2025-10-26,solana,0.33,98.46,28.05
2025-10-26,sui,0.33,17.65,16.76
2025-10-26,tezos,0.33,44.71,28.73
